timestamp, memory.used [MiB], memory.total [MiB], utilization.gpu [%], power.draw [W]
2026/09/24 01:36:59.310, 7, 46068, 0, 75.28
2026/09/24 01:37:00.315, 7, 46068, 0, 74.55
2026/09/24 01:37:01.316, 7, 46068, 0, 59.83
2026/09/24 01:37:02.318, 7, 46068, 0, 45.11
2026/09/24 01:37:03.320, 7, 46068, 0, 44.76
2026/09/24 01:37:04.322, 7, 46068, 0, 44.40
2026/09/24 01:37:05.324, 4040, 46068, 24, 91.02
2026/09/24 01:37:06.325, 8696, 46068, 12, 101.81
2026/09/24 01:37:07.326, 13904, 46068, 23, 102.27
2026/09/24 01:37:08.328, 16208, 46068, 0, 100.45
2026/09/24 01:37:09.329, 16208, 46068, 0, 99.10
2026/09/24 01:37:10.331, 16208, 46068, 0, 97.43
2026/09/24 01:37:11.332, 16208, 46068, 0, 97.10
2026/09/24 01:37:12.334, 16208, 46068, 0, 96.81
2026/09/24 01:37:13.336, 16276, 46068, 0, 96.25
2026/09/24 01:37:14.338, 16432, 46068, 61, 115.20
2026/09/24 01:37:15.339, 16432, 46068, 94, 252.13
2026/09/24 01:37:16.340, 16432, 46068, 92, 251.60
2026/09/24 01:37:17.341, 16432, 46068, 94, 255.11
2026/09/24 01:37:18.342, 16432, 46068, 93, 254.23
2026/09/24 01:37:19.344, 16432, 46068, 95, 253.42
2026/09/24 01:37:20.345, 16432, 46068, 93, 257.20
2026/09/24 01:37:21.346, 16768, 46068, 28, 245.10
2026/09/24 01:37:22.347, 16816, 46068, 91, 238.59
2026/09/24 01:37:23.349, 16816, 46068, 93, 238.66
2026/09/24 01:37:24.350, 16816, 46068, 92, 237.35
2026/09/24 01:37:25.352, 16836, 46068, 92, 237.58
2026/09/24 01:37:26.354, 16876, 46068, 93, 236.81
2026/09/24 01:37:27.355, 16876, 46068, 93, 240.14
2026/09/24 01:37:28.357, 16916, 46068, 91, 239.85
2026/09/24 01:37:29.358, 16916, 46068, 92, 237.73
2026/09/24 01:37:30.360, 16916, 46068, 91, 236.31
2026/09/24 01:37:31.361, 16916, 46068, 93, 240.99
2026/09/24 01:37:32.362, 16916, 46068, 93, 241.23
2026/09/24 01:37:33.364, 16916, 46068, 93, 239.15
2026/09/24 01:37:34.365, 16916, 46068, 91, 242.18
2026/09/24 01:37:35.366, 16916, 46068, 93, 240.71
2026/09/24 01:37:36.368, 16916, 46068, 92, 241.00
2026/09/24 01:37:37.370, 16916, 46068, 93, 240.35
2026/09/24 01:37:38.372, 16916, 46068, 93, 247.90
2026/09/24 01:37:39.373, 16916, 46068, 91, 241.40
2026/09/24 01:37:40.375, 16916, 46068, 92, 240.98
2026/09/24 01:37:41.377, 16916, 46068, 92, 240.33
2026/09/24 01:37:42.378, 16916, 46068, 91, 241.03
2026/09/24 01:37:43.380, 16916, 46068, 93, 241.66
2026/09/24 01:37:44.382, 16916, 46068, 93, 240.82
2026/09/24 01:37:45.383, 16916, 46068, 91, 243.38
2026/09/24 01:37:46.384, 16916, 46068, 91, 252.27
2026/09/24 01:37:47.385, 16916, 46068, 93, 240.38
2026/09/24 01:37:48.387, 16916, 46068, 93, 240.55
2026/09/24 01:37:49.389, 16916, 46068, 93, 238.45
2026/09/24 01:37:50.390, 16916, 46068, 93, 242.01
2026/09/24 01:37:51.391, 16916, 46068, 91, 240.22
2026/09/24 01:37:52.392, 16916, 46068, 93, 240.84
2026/09/24 01:37:53.393, 16916, 46068, 93, 242.11
2026/09/24 01:37:54.395, 16916, 46068, 94, 255.51
2026/09/24 01:37:55.396, 16916, 46068, 92, 237.90
2026/09/24 01:37:56.398, 16916, 46068, 93, 237.83
2026/09/24 01:37:57.400, 16916, 46068, 88, 238.82
2026/09/24 01:37:58.401, 16916, 46068, 93, 238.85
2026/09/24 01:37:59.403, 16916, 46068, 91, 237.78
2026/09/24 01:38:00.405, 16916, 46068, 92, 237.55
2026/09/24 01:38:01.407, 16916, 46068, 93, 239.06
2026/09/24 01:38:02.408, 16916, 46068, 91, 258.81
2026/09/24 01:38:03.411, 16916, 46068, 92, 235.98
2026/09/24 01:38:04.413, 16916, 46068, 93, 239.96
2026/09/24 01:38:05.414, 16916, 46068, 93, 239.91
2026/09/24 01:38:06.417, 16916, 46068, 92, 238.08
2026/09/24 01:38:07.419, 16916, 46068, 93, 239.62
2026/09/24 01:38:08.420, 16916, 46068, 92, 241.08
2026/09/24 01:38:09.422, 16916, 46068, 91, 239.44
2026/09/24 01:38:10.423, 16916, 46068, 93, 237.02
2026/09/24 01:38:11.425, 16916, 46068, 90, 235.76
2026/09/24 01:38:12.427, 16916, 46068, 92, 237.04
2026/09/24 01:38:13.429, 16916, 46068, 93, 239.81
2026/09/24 01:38:14.430, 16916, 46068, 91, 239.40
2026/09/24 01:38:15.432, 16916, 46068, 93, 238.93
2026/09/24 01:38:16.434, 16916, 46068, 93, 239.91
2026/09/24 01:38:17.435, 16916, 46068, 91, 240.58
2026/09/24 01:38:18.437, 16916, 46068, 100, 251.30
2026/09/24 01:38:19.438, 16916, 46068, 93, 247.32
2026/09/24 01:38:20.441, 16916, 46068, 93, 238.44
2026/09/24 01:38:21.442, 16916, 46068, 91, 239.34
2026/09/24 01:38:22.443, 16916, 46068, 92, 238.16
2026/09/24 01:38:23.445, 16916, 46068, 92, 236.31
2026/09/24 01:38:24.447, 16916, 46068, 92, 237.93
2026/09/24 01:38:25.449, 16916, 46068, 90, 236.77
2026/09/24 01:38:26.452, 16916, 46068, 59, 235.60
2026/09/24 01:38:27.455, 16916, 46068, 89, 257.80
2026/09/24 01:38:28.458, 16916, 46068, 92, 238.67
2026/09/24 01:38:29.459, 16916, 46068, 92, 239.59
2026/09/24 01:38:30.461, 16916, 46068, 93, 241.70
2026/09/24 01:38:31.463, 16916, 46068, 91, 240.43
2026/09/24 01:38:32.465, 16916, 46068, 90, 238.84
2026/09/24 01:38:33.468, 16916, 46068, 91, 238.39
2026/09/24 01:38:34.469, 16916, 46068, 92, 239.17
2026/09/24 01:38:35.470, 16916, 46068, 93, 257.16
2026/09/24 01:38:36.472, 16916, 46068, 90, 238.76
2026/09/24 01:38:37.474, 16916, 46068, 93, 240.64
2026/09/24 01:38:38.475, 16916, 46068, 93, 241.54
2026/09/24 01:38:39.477, 16916, 46068, 91, 239.72
2026/09/24 01:38:40.479, 16916, 46068, 90, 239.38
2026/09/24 01:38:41.481, 16916, 46068, 93, 241.76
2026/09/24 01:38:42.483, 16916, 46068, 92, 239.23
2026/09/24 01:38:43.484, 16916, 46068, 91, 243.57
2026/09/24 01:38:44.486, 16916, 46068, 92, 236.73
2026/09/24 01:38:45.488, 16916, 46068, 92, 239.06
2026/09/24 01:38:46.489, 16916, 46068, 91, 238.31
2026/09/24 01:38:47.490, 16916, 46068, 91, 237.10
2026/09/24 01:38:48.492, 16916, 46068, 93, 238.74
2026/09/24 01:38:49.494, 16916, 46068, 93, 239.49
2026/09/24 01:38:50.496, 16916, 46068, 92, 239.73
2026/09/24 01:38:51.497, 16916, 46068, 90, 253.78
2026/09/24 01:38:52.498, 16916, 46068, 92, 236.93
2026/09/24 01:38:53.499, 16916, 46068, 92, 239.00
2026/09/24 01:38:54.501, 16916, 46068, 93, 240.00
2026/09/24 01:38:55.502, 16916, 46068, 90, 239.42
2026/09/24 01:38:56.504, 16916, 46068, 91, 237.40
2026/09/24 01:38:57.506, 16916, 46068, 93, 238.65
2026/09/24 01:38:58.508, 16916, 46068, 92, 240.40
2026/09/24 01:38:59.509, 16916, 46068, 92, 233.86
2026/09/24 01:39:00.511, 16916, 46068, 93, 239.65
2026/09/24 01:39:01.513, 16916, 46068, 90, 241.70
2026/09/24 01:39:02.514, 16916, 46068, 94, 240.39
2026/09/24 01:39:03.516, 16916, 46068, 93, 240.85
2026/09/24 01:39:04.518, 16916, 46068, 93, 241.38
2026/09/24 01:39:05.519, 16916, 46068, 93, 242.80
2026/09/24 01:39:06.521, 16916, 46068, 93, 242.86
2026/09/24 01:39:07.523, 16916, 46068, 98, 238.81
2026/09/24 01:39:08.524, 16916, 46068, 91, 240.48
2026/09/24 01:39:09.526, 16916, 46068, 92, 240.73
2026/09/24 01:39:10.527, 16916, 46068, 93, 241.52
2026/09/24 01:39:11.528, 16916, 46068, 93, 241.55
2026/09/24 01:39:12.530, 16916, 46068, 93, 240.56
2026/09/24 01:39:13.531, 16916, 46068, 90, 241.43
2026/09/24 01:39:14.533, 16916, 46068, 93, 243.10
2026/09/24 01:39:15.535, 16916, 46068, 100, 262.96
2026/09/24 01:39:16.537, 16916, 46068, 93, 238.66
2026/09/24 01:39:17.538, 16916, 46068, 93, 239.85
2026/09/24 01:39:18.540, 16916, 46068, 91, 238.96
2026/09/24 01:39:19.542, 16916, 46068, 92, 240.39
2026/09/24 01:39:20.544, 16916, 46068, 92, 242.25
2026/09/24 01:39:21.545, 16916, 46068, 92, 242.73
2026/09/24 01:39:22.546, 16916, 46068, 93, 241.96
2026/09/24 01:39:23.548, 16916, 46068, 40, 240.40
2026/09/24 01:39:24.551, 16916, 46068, 93, 248.24
2026/09/24 01:39:25.552, 16916, 46068, 90, 236.45
2026/09/24 01:39:26.554, 16916, 46068, 93, 240.38
2026/09/24 01:39:27.555, 16916, 46068, 93, 239.96
2026/09/24 01:39:28.557, 16916, 46068, 92, 239.66
2026/09/24 01:39:29.558, 16916, 46068, 90, 238.23
2026/09/24 01:39:30.560, 16916, 46068, 92, 238.38
2026/09/24 01:39:31.561, 16916, 46068, 93, 232.83
2026/09/24 01:39:32.563, 16916, 46068, 91, 252.12
2026/09/24 01:39:33.565, 16916, 46068, 0, 164.04
2026/09/24 01:39:34.567, 16916, 46068, 0, 112.72
2026/09/24 01:39:35.568, 16916, 46068, 0, 98.18
2026/09/24 01:39:36.569, 16916, 46068, 0, 97.95
2026/09/24 01:39:37.571, 16916, 46068, 92, 146.46
2026/09/24 01:39:38.573, 16916, 46068, 94, 258.30
2026/09/24 01:39:39.574, 16916, 46068, 93, 258.38
2026/09/24 01:39:40.576, 16916, 46068, 95, 258.11
2026/09/24 01:39:41.577, 16916, 46068, 93, 255.18
2026/09/24 01:39:42.578, 16916, 46068, 93, 257.58
2026/09/24 01:39:43.580, 16916, 46068, 93, 256.83
2026/09/24 01:39:44.581, 18416, 46068, 81, 257.94
2026/09/24 01:39:45.583, 18596, 46068, 91, 296.19
2026/09/24 01:39:46.584, 18596, 46068, 89, 248.64
2026/09/24 01:39:47.586, 18596, 46068, 92, 250.06
2026/09/24 01:39:48.587, 18596, 46068, 88, 248.87
2026/09/24 01:39:49.589, 18596, 46068, 88, 250.08
2026/09/24 01:39:50.590, 18596, 46068, 88, 249.37
2026/09/24 01:39:51.592, 18596, 46068, 89, 252.01
2026/09/24 01:39:52.594, 18596, 46068, 93, 251.85
2026/09/24 01:39:53.595, 18618, 46068, 93, 253.84
2026/09/24 01:39:54.596, 19194, 46068, 100, 271.19
2026/09/24 01:39:55.597, 19194, 46068, 92, 322.07
2026/09/24 01:39:56.599, 19194, 46068, 88, 247.48
2026/09/24 01:39:57.601, 19194, 46068, 88, 246.63
2026/09/24 01:39:58.602, 19194, 46068, 87, 247.62
2026/09/24 01:39:59.604, 19194, 46068, 88, 243.99
2026/09/24 01:40:00.606, 19194, 46068, 88, 248.18
2026/09/24 01:40:01.607, 19194, 46068, 89, 250.46
2026/09/24 01:40:02.608, 19194, 46068, 90, 256.22
2026/09/24 01:40:03.610, 19194, 46068, 87, 249.72
2026/09/24 01:40:04.611, 19194, 46068, 88, 254.07
2026/09/24 01:40:05.613, 19194, 46068, 100, 315.10
2026/09/24 01:40:06.614, 19194, 46068, 90, 265.00
2026/09/24 01:40:07.615, 19194, 46068, 89, 247.03
2026/09/24 01:40:08.617, 19194, 46068, 89, 249.35
2026/09/24 01:40:09.618, 19194, 46068, 88, 249.12
2026/09/24 01:40:10.620, 19194, 46068, 89, 251.57
2026/09/24 01:40:11.622, 19194, 46068, 88, 251.09
2026/09/24 01:40:12.623, 19194, 46068, 88, 244.28
2026/09/24 01:40:13.625, 19194, 46068, 89, 252.46
2026/09/24 01:40:14.626, 19194, 46068, 89, 251.55
2026/09/24 01:40:15.628, 19194, 46068, 100, 272.85
2026/09/24 01:40:16.630, 19194, 46068, 88, 286.18
2026/09/24 01:40:17.632, 19194, 46068, 91, 248.95
2026/09/24 01:40:18.634, 19194, 46068, 89, 248.63
2026/09/24 01:40:19.635, 19194, 46068, 89, 249.89
2026/09/24 01:40:20.638, 19194, 46068, 89, 252.77
2026/09/24 01:40:21.639, 19194, 46068, 88, 252.92
2026/09/24 01:40:22.641, 19194, 46068, 92, 250.43
2026/09/24 01:40:23.643, 19194, 46068, 87, 253.07
2026/09/24 01:40:24.644, 19194, 46068, 91, 251.04
2026/09/24 01:40:25.645, 19194, 46068, 57, 238.42
2026/09/24 01:40:26.647, 19194, 46068, 91, 304.54
2026/09/24 01:40:27.649, 19194, 46068, 88, 251.88
2026/09/24 01:40:28.651, 19194, 46068, 87, 249.97
2026/09/24 01:40:29.653, 19194, 46068, 88, 250.36
2026/09/24 01:40:30.655, 19194, 46068, 88, 251.19
2026/09/24 01:40:31.656, 19194, 46068, 89, 252.76
2026/09/24 01:40:32.658, 19194, 46068, 89, 255.37
2026/09/24 01:40:33.660, 19194, 46068, 89, 253.45
2026/09/24 01:40:34.662, 19194, 46068, 88, 256.49
2026/09/24 01:40:35.664, 19194, 46068, 92, 253.40
2026/09/24 01:40:36.665, 19194, 46068, 100, 311.85
2026/09/24 01:40:37.667, 19194, 46068, 89, 275.03
2026/09/24 01:40:38.668, 19194, 46068, 89, 254.65
2026/09/24 01:40:39.670, 19194, 46068, 89, 252.81
2026/09/24 01:40:40.672, 19194, 46068, 89, 253.84
2026/09/24 01:40:41.674, 19194, 46068, 89, 251.78
2026/09/24 01:40:42.675, 19194, 46068, 91, 254.92
2026/09/24 01:40:43.677, 19194, 46068, 90, 253.14
2026/09/24 01:40:44.678, 19194, 46068, 89, 255.61
2026/09/24 01:40:45.680, 19194, 46068, 89, 249.24
2026/09/24 01:40:46.682, 19194, 46068, 100, 281.57
2026/09/24 01:40:47.684, 19194, 46068, 89, 290.38
2026/09/24 01:40:48.686, 19194, 46068, 88, 252.33
2026/09/24 01:40:49.687, 19194, 46068, 88, 252.52
2026/09/24 01:40:50.688, 19194, 46068, 92, 254.60
2026/09/24 01:40:51.690, 19194, 46068, 92, 253.82
2026/09/24 01:40:52.691, 19194, 46068, 92, 255.61
2026/09/24 01:40:53.693, 19194, 46068, 88, 253.75
2026/09/24 01:40:54.695, 19194, 46068, 88, 254.12
2026/09/24 01:40:55.696, 19194, 46068, 92, 256.50
2026/09/24 01:40:56.697, 19194, 46068, 44, 242.47
2026/09/24 01:40:57.699, 19194, 46068, 88, 299.21
2026/09/24 01:40:58.701, 19194, 46068, 88, 247.60
2026/09/24 01:40:59.702, 19194, 46068, 92, 250.00
2026/09/24 01:41:00.704, 19194, 46068, 88, 251.01
2026/09/24 01:41:01.706, 19194, 46068, 88, 251.71
2026/09/24 01:41:02.707, 19194, 46068, 91, 250.43
2026/09/24 01:41:03.709, 19194, 46068, 90, 255.18
2026/09/24 01:41:04.711, 19194, 46068, 87, 252.76
2026/09/24 01:41:05.712, 19194, 46068, 92, 250.19
2026/09/24 01:41:06.714, 19194, 46068, 87, 252.60
2026/09/24 01:41:07.717, 19194, 46068, 100, 286.01
2026/09/24 01:41:08.719, 19194, 46068, 89, 266.53
2026/09/24 01:41:09.721, 19194, 46068, 88, 249.20
2026/09/24 01:41:10.722, 19194, 46068, 93, 250.85
2026/09/24 01:41:11.723, 19194, 46068, 91, 250.53
2026/09/24 01:41:12.724, 19194, 46068, 90, 252.15
2026/09/24 01:41:13.726, 19194, 46068, 91, 252.08
2026/09/24 01:41:14.728, 19194, 46068, 92, 256.04
2026/09/24 01:41:15.729, 19194, 46068, 88, 254.10
2026/09/24 01:41:16.731, 19194, 46068, 89, 256.61
2026/09/24 01:41:17.733, 19194, 46068, 100, 278.02
2026/09/24 01:41:18.735, 19194, 46068, 89, 291.33
2026/09/24 01:41:19.736, 19194, 46068, 92, 250.85
2026/09/24 01:41:20.738, 19194, 46068, 88, 253.81
2026/09/24 01:41:21.739, 19194, 46068, 90, 250.67
2026/09/24 01:41:22.740, 19194, 46068, 90, 255.30
2026/09/24 01:41:23.742, 19194, 46068, 87, 255.60
2026/09/24 01:41:24.743, 19194, 46068, 88, 257.54
2026/09/24 01:41:25.745, 19194, 46068, 88, 254.20
2026/09/24 01:41:26.748, 19194, 46068, 88, 254.87
2026/09/24 01:41:27.749, 19194, 46068, 69, 254.65
2026/09/24 01:41:28.751, 19194, 46068, 87, 315.59
2026/09/24 01:41:29.752, 19194, 46068, 91, 250.81
2026/09/24 01:41:30.753, 19194, 46068, 91, 249.07
2026/09/24 01:41:31.755, 19194, 46068, 91, 250.34
2026/09/24 01:41:32.756, 19194, 46068, 89, 247.09
2026/09/24 01:41:33.758, 19194, 46068, 87, 252.88
2026/09/24 01:41:34.759, 19194, 46068, 87, 248.98
2026/09/24 01:41:35.760, 19194, 46068, 91, 250.56
2026/09/24 01:41:36.762, 19194, 46068, 88, 254.67
2026/09/24 01:41:37.764, 19194, 46068, 92, 252.46
2026/09/24 01:41:38.766, 19194, 46068, 100, 309.34
2026/09/24 01:41:39.767, 19194, 46068, 87, 266.58
2026/09/24 01:41:40.769, 19194, 46068, 88, 251.87
2026/09/24 01:41:41.770, 19194, 46068, 88, 250.62
2026/09/24 01:41:42.771, 19194, 46068, 87, 250.03
2026/09/24 01:41:43.773, 19194, 46068, 88, 253.69
2026/09/24 01:41:44.774, 19194, 46068, 88, 259.69
2026/09/24 01:41:45.776, 19194, 46068, 92, 258.86
2026/09/24 01:41:46.777, 19194, 46068, 88, 259.11
2026/09/24 01:41:47.779, 19194, 46068, 92, 256.27
2026/09/24 01:41:48.780, 19194, 46068, 100, 280.54
2026/09/24 01:41:49.782, 19194, 46068, 87, 303.73
2026/09/24 01:41:50.783, 19194, 46068, 87, 250.24
2026/09/24 01:41:51.786, 19194, 46068, 89, 249.38
2026/09/24 01:41:52.787, 19194, 46068, 89, 249.43
2026/09/24 01:41:53.788, 19194, 46068, 88, 249.08
2026/09/24 01:41:54.790, 19194, 46068, 88, 250.34
2026/09/24 01:41:55.791, 19194, 46068, 88, 246.26
2026/09/24 01:41:56.793, 19194, 46068, 92, 251.01
2026/09/24 01:41:57.794, 19194, 46068, 87, 255.39
2026/09/24 01:41:58.796, 19194, 46068, 89, 254.69
2026/09/24 01:41:59.797, 19194, 46068, 100, 327.00
2026/09/24 01:42:00.799, 19194, 46068, 87, 260.96
2026/09/24 01:42:01.800, 19194, 46068, 87, 251.97
2026/09/24 01:42:02.802, 19194, 46068, 0, 168.93
2026/09/24 01:42:03.803, 19194, 46068, 0, 116.75
2026/09/24 01:42:04.805, 19194, 46068, 0, 99.48
2026/09/24 01:42:05.806, 19194, 46068, 0, 99.04
2026/09/24 01:42:06.808, 19194, 46068, 0, 98.80
2026/09/24 01:42:07.809, 19194, 46068, 94, 235.47
2026/09/24 01:42:08.810, 19194, 46068, 93, 257.45
2026/09/24 01:42:09.812, 19194, 46068, 93, 257.61
2026/09/24 01:42:10.813, 19194, 46068, 94, 257.84
2026/09/24 01:42:11.814, 19194, 46068, 92, 257.83
2026/09/24 01:42:12.816, 19194, 46068, 91, 258.41
2026/09/24 01:42:13.818, 19194, 46068, 94, 258.77
2026/09/24 01:42:14.819, 29498, 46068, 100, 301.88
2026/09/24 01:42:15.820, 30602, 46068, 100, 338.26
2026/09/24 01:42:16.821, 31706, 46068, 100, 339.69
2026/09/24 01:42:17.822, 31706, 46068, 100, 338.94
2026/09/24 01:42:18.824, 31706, 46068, 100, 336.18
2026/09/24 01:42:19.826, 31706, 46068, 86, 295.14
2026/09/24 01:42:20.827, 31706, 46068, 88, 290.38
2026/09/24 01:42:21.829, 31706, 46068, 89, 299.13
2026/09/24 01:42:22.830, 31706, 46068, 88, 288.61
2026/09/24 01:42:23.831, 31706, 46068, 88, 293.62
2026/09/24 01:42:24.833, 31706, 46068, 86, 295.33
2026/09/24 01:42:25.835, 31706, 46068, 88, 296.37
2026/09/24 01:42:26.837, 31706, 46068, 88, 289.36
2026/09/24 01:42:27.837, 31706, 46068, 88, 305.59
2026/09/24 01:42:28.839, 31706, 46068, 88, 295.97
2026/09/24 01:42:29.841, 31706, 46068, 76, 293.59
2026/09/24 01:42:30.842, 31706, 46068, 81, 305.95
2026/09/24 01:42:31.844, 31706, 46068, 80, 299.11
2026/09/24 01:42:32.845, 31706, 46068, 88, 304.48
2026/09/24 01:42:33.846, 31706, 46068, 88, 297.35
2026/09/24 01:42:34.848, 31706, 46068, 88, 301.90
2026/09/24 01:42:35.849, 31706, 46068, 87, 292.64
2026/09/24 01:42:36.850, 31706, 46068, 87, 306.67
2026/09/24 01:42:37.851, 31706, 46068, 87, 308.96
2026/09/24 01:42:38.852, 31706, 46068, 82, 297.33
2026/09/24 01:42:39.854, 31706, 46068, 86, 290.78
2026/09/24 01:42:40.855, 35486, 46068, 100, 318.08
2026/09/24 01:42:41.856, 35486, 46068, 100, 335.01
2026/09/24 01:42:42.857, 35486, 46068, 100, 339.41
2026/09/24 01:42:43.859, 35486, 46068, 100, 336.63
2026/09/24 01:42:44.860, 35486, 46068, 100, 336.29
2026/09/24 01:42:45.861, 35486, 46068, 100, 342.62
2026/09/24 01:42:46.863, 35486, 46068, 87, 299.30
2026/09/24 01:42:47.864, 35486, 46068, 81, 296.51
2026/09/24 01:42:48.866, 35486, 46068, 88, 300.66
2026/09/24 01:42:49.867, 35486, 46068, 87, 300.52
2026/09/24 01:42:50.868, 35486, 46068, 87, 302.12
2026/09/24 01:42:51.869, 35486, 46068, 77, 298.02
2026/09/24 01:42:52.871, 35486, 46068, 86, 304.32
2026/09/24 01:42:53.873, 35486, 46068, 89, 301.00
2026/09/24 01:42:54.874, 35486, 46068, 89, 307.43
2026/09/24 01:42:55.875, 35486, 46068, 89, 304.95
2026/09/24 01:42:56.876, 35486, 46068, 89, 306.37
2026/09/24 01:42:57.878, 35486, 46068, 89, 309.52
2026/09/24 01:42:58.879, 35486, 46068, 83, 292.93
2026/09/24 01:42:59.880, 35486, 46068, 82, 299.35
2026/09/24 01:43:00.881, 35486, 46068, 79, 305.16
2026/09/24 01:43:01.883, 35486, 46068, 88, 309.04
2026/09/24 01:43:02.884, 35486, 46068, 88, 300.91
2026/09/24 01:43:03.885, 35486, 46068, 87, 296.08
2026/09/24 01:43:04.887, 35486, 46068, 88, 326.68
2026/09/24 01:43:05.888, 35486, 46068, 88, 286.77
2026/09/24 01:43:06.890, 35486, 46068, 89, 328.71
2026/09/24 01:43:07.891, 35486, 46068, 85, 316.89
2026/09/24 01:43:08.892, 39374, 46068, 100, 254.46
2026/09/24 01:43:09.893, 39374, 46068, 100, 349.30
2026/09/24 01:43:10.894, 39374, 46068, 100, 347.02
2026/09/24 01:43:11.896, 39374, 46068, 100, 342.86
2026/09/24 01:43:12.898, 39374, 46068, 100, 342.62
2026/09/24 01:43:13.899, 39374, 46068, 100, 348.83
2026/09/24 01:43:14.901, 39374, 46068, 77, 305.83
2026/09/24 01:43:15.902, 39374, 46068, 89, 309.55
2026/09/24 01:43:16.903, 39374, 46068, 88, 301.76
2026/09/24 01:43:17.905, 39374, 46068, 77, 299.52
2026/09/24 01:43:18.907, 39374, 46068, 79, 306.32
2026/09/24 01:43:19.908, 39374, 46068, 78, 303.62
2026/09/24 01:43:20.909, 39374, 46068, 88, 309.69
2026/09/24 01:43:21.911, 39374, 46068, 81, 298.51
2026/09/24 01:43:22.912, 39374, 46068, 88, 309.09
2026/09/24 01:43:23.914, 39374, 46068, 87, 314.78
2026/09/24 01:43:24.916, 39374, 46068, 79, 305.98
2026/09/24 01:43:25.918, 39374, 46068, 89, 308.80
2026/09/24 01:43:26.919, 39374, 46068, 88, 310.66
2026/09/24 01:43:27.921, 39374, 46068, 89, 313.05
2026/09/24 01:43:28.923, 39374, 46068, 88, 311.14
2026/09/24 01:43:29.924, 39374, 46068, 81, 330.41
2026/09/24 01:43:30.925, 39374, 46068, 86, 286.95
2026/09/24 01:43:31.926, 39374, 46068, 83, 332.19
2026/09/24 01:43:32.928, 39374, 46068, 86, 267.14
2026/09/24 01:43:33.929, 39374, 46068, 87, 328.42
2026/09/24 01:43:34.930, 39374, 46068, 87, 337.58
2026/09/24 01:43:35.932, 39374, 46068, 89, 283.37
2026/09/24 01:43:36.934, 39374, 46068, 89, 302.15
2026/09/24 01:43:37.935, 39374, 46068, 100, 312.95
2026/09/24 01:43:38.935, 39374, 46068, 100, 339.12
2026/09/24 01:43:39.936, 39374, 46068, 100, 335.09
2026/09/24 01:43:40.938, 39374, 46068, 100, 340.62
2026/09/24 01:43:41.939, 39374, 46068, 100, 339.82
2026/09/24 01:43:42.941, 39374, 46068, 80, 315.95
2026/09/24 01:43:43.942, 39374, 46068, 90, 303.89
2026/09/24 01:43:44.944, 39374, 46068, 82, 316.78
2026/09/24 01:43:45.945, 39374, 46068, 89, 318.77
2026/09/24 01:43:46.946, 39374, 46068, 90, 314.94
2026/09/24 01:43:47.948, 39374, 46068, 89, 312.42
2026/09/24 01:43:48.950, 39374, 46068, 89, 309.63
2026/09/24 01:43:49.950, 39374, 46068, 89, 306.62
2026/09/24 01:43:50.952, 39374, 46068, 79, 304.54
2026/09/24 01:43:51.953, 39374, 46068, 89, 304.71
2026/09/24 01:43:52.955, 39374, 46068, 78, 304.47
2026/09/24 01:43:53.956, 39374, 46068, 89, 302.49
2026/09/24 01:43:54.957, 39374, 46068, 89, 312.89
2026/09/24 01:43:55.959, 39374, 46068, 89, 310.66
2026/09/24 01:43:56.960, 39374, 46068, 89, 312.14
2026/09/24 01:43:57.962, 39374, 46068, 87, 309.37
2026/09/24 01:43:58.963, 39374, 46068, 89, 313.40
2026/09/24 01:43:59.964, 39374, 46068, 90, 307.87
2026/09/24 01:44:00.965, 39374, 46068, 79, 314.65
2026/09/24 01:44:01.966, 39374, 46068, 89, 306.18
2026/09/24 01:44:02.967, 39374, 46068, 67, 300.90
2026/09/24 01:44:03.968, 39374, 46068, 100, 346.80
2026/09/24 01:44:04.969, 39374, 46068, 100, 344.68
2026/09/24 01:44:05.971, 39374, 46068, 100, 341.98
2026/09/24 01:44:06.973, 39374, 46068, 100, 340.57
2026/09/24 01:44:07.975, 39374, 46068, 100, 341.69
2026/09/24 01:44:08.976, 39374, 46068, 86, 309.12
2026/09/24 01:44:09.977, 39374, 46068, 88, 309.32
2026/09/24 01:44:10.979, 39374, 46068, 83, 312.44
2026/09/24 01:44:11.980, 39374, 46068, 85, 300.86
2026/09/24 01:44:12.982, 39374, 46068, 87, 301.32
2026/09/24 01:44:13.983, 39374, 46068, 79, 305.50
2026/09/24 01:44:14.987, 39374, 46068, 85, 295.27
2026/09/24 01:44:15.989, 39374, 46068, 86, 313.79
2026/09/24 01:44:16.990, 39374, 46068, 75, 297.84
2026/09/24 01:44:17.992, 39374, 46068, 86, 292.94
2026/09/24 01:44:18.993, 39374, 46068, 84, 297.98
2026/09/24 01:44:19.994, 39374, 46068, 83, 302.70
2026/09/24 01:44:20.995, 39374, 46068, 82, 300.69
2026/09/24 01:44:21.996, 39374, 46068, 80, 299.39
2026/09/24 01:44:22.997, 39374, 46068, 86, 304.95
2026/09/24 01:44:23.998, 39374, 46068, 86, 308.69
2026/09/24 01:44:24.999, 39374, 46068, 88, 300.48
2026/09/24 01:44:26.001, 39374, 46068, 83, 335.60
2026/09/24 01:44:27.002, 39374, 46068, 88, 293.70
2026/09/24 01:44:28.004, 39374, 46068, 86, 334.75
2026/09/24 01:44:29.005, 39374, 46068, 84, 340.92
2026/09/24 01:44:30.006, 39374, 46068, 86, 260.08
2026/09/24 01:44:31.008, 39374, 46068, 87, 237.58
2026/09/24 01:44:32.009, 39374, 46068, 73, 267.01
2026/09/24 01:44:33.009, 39374, 46068, 100, 331.45
2026/09/24 01:44:34.010, 39374, 46068, 100, 345.77
2026/09/24 01:44:35.011, 39374, 46068, 100, 349.13
2026/09/24 01:44:36.013, 39374, 46068, 100, 348.02
2026/09/24 01:44:37.014, 39374, 46068, 100, 343.11
2026/09/24 01:44:38.016, 39374, 46068, 75, 313.97
2026/09/24 01:44:39.017, 39374, 46068, 87, 296.91
2026/09/24 01:44:40.018, 39374, 46068, 87, 309.24
2026/09/24 01:44:41.020, 39374, 46068, 86, 301.16
2026/09/24 01:44:42.022, 39374, 46068, 80, 309.47
2026/09/24 01:44:43.023, 39374, 46068, 79, 305.68
2026/09/24 01:44:44.024, 39374, 46068, 80, 304.86
2026/09/24 01:44:45.027, 39374, 46068, 89, 309.27
2026/09/24 01:44:46.028, 39374, 46068, 89, 310.54
2026/09/24 01:44:47.029, 39374, 46068, 87, 312.04
2026/09/24 01:44:48.031, 39374, 46068, 88, 310.12
2026/09/24 01:44:49.032, 39374, 46068, 88, 308.29
2026/09/24 01:44:50.033, 39374, 46068, 87, 307.41
2026/09/24 01:44:51.035, 39374, 46068, 88, 306.14
2026/09/24 01:44:52.036, 39374, 46068, 82, 315.58
2026/09/24 01:44:53.038, 39374, 46068, 90, 310.23
2026/09/24 01:44:54.039, 39374, 46068, 88, 308.83
2026/09/24 01:44:55.040, 39374, 46068, 89, 316.69
2026/09/24 01:44:56.041, 39374, 46068, 88, 307.50
2026/09/24 01:44:57.042, 39374, 46068, 87, 311.40
2026/09/24 01:44:58.044, 39374, 46068, 27, 297.14
2026/09/24 01:44:59.044, 39374, 46068, 100, 329.21
2026/09/24 01:45:00.046, 39374, 46068, 100, 336.71
2026/09/24 01:45:01.047, 39374, 46068, 100, 350.62
2026/09/24 01:45:02.049, 39374, 46068, 100, 330.49
2026/09/24 01:45:03.051, 39374, 46068, 100, 359.92
2026/09/24 01:45:04.052, 39374, 46068, 84, 296.38
2026/09/24 01:45:05.054, 39374, 46068, 87, 296.43
2026/09/24 01:45:06.055, 39374, 46068, 87, 303.82
2026/09/24 01:45:07.056, 39374, 46068, 88, 295.46
2026/09/24 01:45:08.057, 39374, 46068, 86, 302.83
2026/09/24 01:45:09.059, 39374, 46068, 83, 308.07
2026/09/24 01:45:10.060, 39374, 46068, 79, 305.09
2026/09/24 01:45:11.062, 39374, 46068, 81, 304.69
2026/09/24 01:45:12.063, 39374, 46068, 85, 310.61
2026/09/24 01:45:13.064, 39374, 46068, 87, 305.99
2026/09/24 01:45:14.066, 39374, 46068, 86, 306.16
2026/09/24 01:45:15.068, 39374, 46068, 79, 302.07
2026/09/24 01:45:16.069, 39374, 46068, 86, 307.20
2026/09/24 01:45:17.070, 39374, 46068, 86, 313.95
2026/09/24 01:45:18.071, 39374, 46068, 76, 298.42
2026/09/24 01:45:19.072, 39374, 46068, 86, 294.42
2026/09/24 01:45:20.074, 39374, 46068, 87, 305.71
2026/09/24 01:45:21.076, 39374, 46068, 88, 309.42
2026/09/24 01:45:22.077, 39374, 46068, 88, 310.94
2026/09/24 01:45:23.079, 39374, 46068, 88, 312.11
2026/09/24 01:45:24.080, 39374, 46068, 86, 303.39
2026/09/24 01:45:25.081, 39374, 46068, 72, 299.39
2026/09/24 01:45:26.082, 39374, 46068, 100, 348.14
2026/09/24 01:45:27.083, 39374, 46068, 100, 339.37
2026/09/24 01:45:28.085, 39374, 46068, 100, 347.74
2026/09/24 01:45:29.086, 39374, 46068, 100, 340.79
2026/09/24 01:45:30.088, 39374, 46068, 86, 335.85
2026/09/24 01:45:31.089, 39374, 46068, 79, 305.54
2026/09/24 01:45:32.091, 39374, 46068, 90, 308.69
2026/09/24 01:45:33.093, 39374, 46068, 83, 312.50
2026/09/24 01:45:34.094, 39374, 46068, 89, 322.29
2026/09/24 01:45:35.095, 39374, 46068, 89, 312.52
2026/09/24 01:45:36.097, 39374, 46068, 89, 301.08
2026/09/24 01:45:37.098, 39374, 46068, 89, 313.07
2026/09/24 01:45:38.099, 39374, 46068, 89, 310.44
2026/09/24 01:45:39.101, 39374, 46068, 82, 315.91
2026/09/24 01:45:40.103, 39374, 46068, 87, 299.19
2026/09/24 01:45:41.104, 39374, 46068, 89, 308.81
2026/09/24 01:45:42.105, 39374, 46068, 90, 317.47
2026/09/24 01:45:43.107, 39374, 46068, 89, 309.93
2026/09/24 01:45:44.108, 39374, 46068, 86, 310.45
2026/09/24 01:45:45.110, 39374, 46068, 89, 311.34
2026/09/24 01:45:46.112, 39374, 46068, 90, 312.90
2026/09/24 01:45:47.113, 39374, 46068, 89, 316.45
2026/09/24 01:45:48.114, 39374, 46068, 86, 311.69
2026/09/24 01:45:49.115, 39374, 46068, 87, 317.68
2026/09/24 01:45:50.117, 39374, 46068, 87, 322.59
2026/09/24 01:45:51.118, 43550, 46068, 100, 286.20
2026/09/24 01:45:52.119, 43550, 46068, 100, 341.17
2026/09/24 01:45:53.120, 43550, 46068, 100, 337.00
2026/09/24 01:45:54.122, 43550, 46068, 100, 334.99
2026/09/24 01:45:55.124, 43550, 46068, 100, 334.14
2026/09/24 01:45:56.126, 43550, 46068, 100, 334.81
2026/09/24 01:45:57.127, 43550, 46068, 83, 309.13
2026/09/24 01:45:58.129, 43550, 46068, 85, 313.65
2026/09/24 01:45:59.130, 43550, 46068, 81, 298.46
2026/09/24 01:46:00.131, 43550, 46068, 85, 307.59
2026/09/24 01:46:01.133, 43550, 46068, 85, 316.30
2026/09/24 01:46:02.134, 43550, 46068, 86, 315.07
2026/09/24 01:46:03.135, 43550, 46068, 86, 311.98
2026/09/24 01:46:04.136, 43550, 46068, 86, 306.09
2026/09/24 01:46:05.138, 43550, 46068, 85, 299.48
2026/09/24 01:46:06.139, 43550, 46068, 84, 296.84
2026/09/24 01:46:07.140, 43550, 46068, 85, 330.45
2026/09/24 01:46:08.142, 43550, 46068, 86, 289.26
2026/09/24 01:46:09.144, 43550, 46068, 85, 332.39
2026/09/24 01:46:10.145, 43550, 46068, 83, 339.62
2026/09/24 01:46:11.146, 43550, 46068, 84, 234.30
2026/09/24 01:46:12.147, 43550, 46068, 88, 297.49
2026/09/24 01:46:13.149, 43550, 46068, 87, 334.45
2026/09/24 01:46:14.150, 43550, 46068, 87, 342.99
2026/09/24 01:46:15.151, 43550, 46068, 87, 302.01
2026/09/24 01:46:16.152, 43550, 46068, 89, 243.07
2026/09/24 01:46:17.153, 43550, 46068, 89, 277.21
2026/09/24 01:46:18.154, 43550, 46068, 88, 271.12
2026/09/24 01:46:19.155, 43550, 46068, 88, 279.45
2026/09/24 01:46:20.157, 43550, 46068, 86, 342.88
2026/09/24 01:46:21.158, 43550, 46068, 87, 299.69
2026/09/24 01:46:22.159, 43550, 46068, 100, 283.41
2026/09/24 01:46:23.160, 43550, 46068, 100, 317.66
2026/09/24 01:46:24.162, 43550, 46068, 100, 346.64
2026/09/24 01:46:25.164, 43550, 46068, 100, 361.81
2026/09/24 01:46:26.165, 43550, 46068, 87, 338.73
2026/09/24 01:46:27.167, 43550, 46068, 90, 309.49
2026/09/24 01:46:28.169, 43550, 46068, 82, 307.12
2026/09/24 01:46:29.170, 43550, 46068, 85, 311.27
2026/09/24 01:46:30.172, 43550, 46068, 90, 309.66
2026/09/24 01:46:31.174, 43550, 46068, 89, 307.62
2026/09/24 01:46:32.175, 43550, 46068, 90, 292.40
2026/09/24 01:46:33.177, 43550, 46068, 82, 295.75
2026/09/24 01:46:34.178, 43550, 46068, 77, 306.75
2026/09/24 01:46:35.180, 43550, 46068, 79, 307.63
2026/09/24 01:46:36.181, 43550, 46068, 90, 304.85
2026/09/24 01:46:37.182, 43550, 46068, 89, 310.42
2026/09/24 01:46:38.183, 43550, 46068, 85, 308.15
2026/09/24 01:46:39.184, 43550, 46068, 80, 300.26
2026/09/24 01:46:40.186, 43550, 46068, 87, 310.41
2026/09/24 01:46:41.187, 43550, 46068, 88, 308.91
2026/09/24 01:46:42.188, 43550, 46068, 87, 307.85
2026/09/24 01:46:43.189, 43550, 46068, 89, 313.74
2026/09/24 01:46:44.191, 43550, 46068, 89, 309.34
2026/09/24 01:46:45.192, 43550, 46068, 90, 312.00
2026/09/24 01:46:46.193, 43550, 46068, 5, 294.76
2026/09/24 01:46:47.194, 43550, 46068, 100, 353.66
2026/09/24 01:46:48.195, 43550, 46068, 100, 345.50
2026/09/24 01:46:49.197, 43550, 46068, 83, 320.58
2026/09/24 01:46:50.198, 43550, 46068, 85, 298.18
2026/09/24 01:46:51.200, 43550, 46068, 85, 302.56
2026/09/24 01:46:52.202, 43550, 46068, 86, 307.68
2026/09/24 01:46:53.204, 43550, 46068, 84, 297.56
2026/09/24 01:46:54.206, 43550, 46068, 85, 295.53
2026/09/24 01:46:55.208, 43550, 46068, 83, 299.35
2026/09/24 01:46:56.210, 43550, 46068, 84, 294.03
2026/09/24 01:46:57.211, 43550, 46068, 85, 296.87
2026/09/24 01:46:58.212, 43550, 46068, 90, 302.32
2026/09/24 01:46:59.213, 43550, 46068, 84, 300.04
2026/09/24 01:47:00.214, 43550, 46068, 93, 296.39
2026/09/24 01:47:01.216, 43550, 46068, 88, 314.07
2026/09/24 01:47:02.218, 43550, 46068, 84, 309.50
2026/09/24 01:47:03.219, 45086, 46068, 46, 283.47
2026/09/24 01:47:04.220, 31606, 46068, 100, 313.31
2026/09/24 01:47:05.221, 31606, 46068, 100, 343.68
2026/09/24 01:47:06.222, 34678, 46068, 100, 341.95
2026/09/24 01:47:07.224, 36216, 46068, 100, 338.55
2026/09/24 01:47:08.225, 36216, 46068, 100, 329.70
2026/09/24 01:47:09.231, 36216, 46068, 100, 353.77
2026/09/24 01:47:10.232, 36216, 46068, 100, 335.64
2026/09/24 01:47:11.233, 36222, 46068, 87, 301.75
2026/09/24 01:47:12.236, 36222, 46068, 82, 323.13
2026/09/24 01:47:13.237, 36222, 46068, 85, 320.58
2026/09/24 01:47:14.238, 36222, 46068, 88, 311.34
2026/09/24 01:47:15.240, 36224, 46068, 87, 312.11
2026/09/24 01:47:16.242, 36224, 46068, 87, 310.84
2026/09/24 01:47:17.243, 36224, 46068, 87, 321.60
2026/09/24 01:47:18.244, 36224, 46068, 87, 296.30
2026/09/24 01:47:19.245, 36224, 46068, 88, 309.59
2026/09/24 01:47:20.247, 36224, 46068, 88, 344.48
2026/09/24 01:47:21.248, 36224, 46068, 88, 295.59
2026/09/24 01:47:22.249, 36224, 46068, 88, 272.33
2026/09/24 01:47:23.251, 36224, 46068, 88, 300.69
2026/09/24 01:47:24.252, 36224, 46068, 87, 274.47
2026/09/24 01:47:25.253, 36224, 46068, 90, 245.58
2026/09/24 01:47:26.254, 36224, 46068, 86, 341.38
2026/09/24 01:47:27.256, 36224, 46068, 87, 337.43
2026/09/24 01:47:28.257, 36224, 46068, 92, 287.92
2026/09/24 01:47:29.259, 36224, 46068, 88, 343.92
2026/09/24 01:47:30.260, 36224, 46068, 86, 305.53
2026/09/24 01:47:31.262, 36224, 46068, 88, 327.01
2026/09/24 01:47:32.264, 36224, 46068, 87, 318.31
2026/09/24 01:47:33.265, 36224, 46068, 87, 316.77
2026/09/24 01:47:34.266, 36224, 46068, 86, 317.54
2026/09/24 01:47:35.267, 36224, 46068, 86, 320.82
2026/09/24 01:47:36.268, 36224, 46068, 100, 322.33
2026/09/24 01:47:37.270, 36224, 46068, 100, 348.85
2026/09/24 01:47:38.271, 36224, 46068, 100, 348.54
2026/09/24 01:47:39.272, 36224, 46068, 84, 330.19
2026/09/24 01:47:40.273, 36224, 46068, 83, 299.77
2026/09/24 01:47:41.274, 36224, 46068, 84, 306.36
2026/09/24 01:47:42.276, 36224, 46068, 85, 298.90
2026/09/24 01:47:43.277, 36224, 46068, 84, 303.33
2026/09/24 01:47:44.279, 36224, 46068, 92, 305.38
2026/09/24 01:47:45.280, 36224, 46068, 91, 306.74
2026/09/24 01:47:46.282, 36224, 46068, 92, 306.80
2026/09/24 01:47:47.284, 36224, 46068, 83, 298.12
2026/09/24 01:47:48.286, 36224, 46068, 91, 299.32
2026/09/24 01:47:49.288, 36224, 46068, 91, 299.82
2026/09/24 01:47:50.290, 36224, 46068, 87, 303.25
2026/09/24 01:47:51.291, 36224, 46068, 83, 299.60
2026/09/24 01:47:52.293, 36224, 46068, 87, 303.52
2026/09/24 01:47:53.295, 36224, 46068, 85, 306.71
2026/09/24 01:47:54.296, 36224, 46068, 91, 291.92
2026/09/24 01:47:55.297, 36224, 46068, 100, 322.17
2026/09/24 01:47:56.298, 36224, 46068, 100, 347.18
2026/09/24 01:47:57.299, 36224, 46068, 100, 326.51
2026/09/24 01:47:58.300, 36224, 46068, 100, 334.34
2026/09/24 01:47:59.302, 36224, 46068, 100, 339.89
2026/09/24 01:48:00.303, 36224, 46068, 100, 342.98
2026/09/24 01:48:01.305, 36224, 46068, 100, 332.69
2026/09/24 01:48:02.306, 36224, 46068, 84, 314.28
2026/09/24 01:48:03.307, 36224, 46068, 79, 309.81
2026/09/24 01:48:04.308, 36224, 46068, 85, 311.21
2026/09/24 01:48:05.311, 36224, 46068, 86, 289.41
2026/09/24 01:48:06.312, 36224, 46068, 87, 317.04
2026/09/24 01:48:07.313, 36224, 46068, 88, 325.93
2026/09/24 01:48:08.314, 36224, 46068, 88, 297.58
2026/09/24 01:48:09.316, 36224, 46068, 85, 341.59
2026/09/24 01:48:10.318, 36224, 46068, 84, 339.98
2026/09/24 01:48:11.319, 36224, 46068, 85, 234.72
2026/09/24 01:48:12.320, 36224, 46068, 0, 197.68
2026/09/24 01:48:13.322, 36224, 46068, 0, 126.41
2026/09/24 01:48:14.324, 36224, 46068, 0, 104.57
2026/09/24 01:48:15.325, 36224, 46068, 0, 103.77
2026/09/24 01:48:16.327, 36224, 46068, 0, 103.01
2026/09/24 01:48:17.329, 36224, 46068, 0, 102.56
2026/09/24 01:48:18.330, 36224, 46068, 0, 102.23
2026/09/24 01:48:19.332, 36288, 46068, 93, 156.04
2026/09/24 01:48:20.334, 36288, 46068, 91, 262.24
2026/09/24 01:48:21.335, 36288, 46068, 91, 263.29
2026/09/24 01:48:22.337, 36288, 46068, 94, 261.75
2026/09/24 01:48:23.338, 36288, 46068, 92, 264.08
2026/09/24 01:48:24.339, 36288, 46068, 95, 263.73
2026/09/24 01:48:25.341, 36288, 46068, 93, 265.83
2026/09/24 01:48:26.342, 36288, 46068, 100, 287.13
2026/09/24 01:48:27.343, 36288, 46068, 100, 336.58
2026/09/24 01:48:28.344, 36288, 46068, 100, 344.80
2026/09/24 01:48:29.346, 36288, 46068, 100, 342.91
2026/09/24 01:48:30.347, 36288, 46068, 100, 335.39
2026/09/24 01:48:31.349, 36288, 46068, 89, 328.95
2026/09/24 01:48:32.350, 36288, 46068, 79, 294.13
2026/09/24 01:48:33.352, 36288, 46068, 90, 304.39
2026/09/24 01:48:34.354, 36288, 46068, 89, 303.17
2026/09/24 01:48:35.355, 36288, 46068, 89, 304.26
2026/09/24 01:48:36.357, 36288, 46068, 90, 306.11
2026/09/24 01:48:37.358, 36288, 46068, 89, 306.81
2026/09/24 01:48:38.360, 36288, 46068, 78, 305.13
2026/09/24 01:48:39.361, 36288, 46068, 87, 305.52
2026/09/24 01:48:40.362, 36288, 46068, 87, 308.23
2026/09/24 01:48:41.363, 36288, 46068, 87, 303.83
2026/09/24 01:48:42.364, 36288, 46068, 86, 302.31
2026/09/24 01:48:43.366, 36288, 46068, 75, 304.59
2026/09/24 01:48:44.368, 36288, 46068, 86, 310.24
2026/09/24 01:48:45.369, 36288, 46068, 87, 296.99
2026/09/24 01:48:46.370, 36288, 46068, 86, 307.18
2026/09/24 01:48:47.372, 36288, 46068, 85, 302.14
2026/09/24 01:48:48.374, 36288, 46068, 79, 286.06
2026/09/24 01:48:49.375, 36288, 46068, 86, 299.15
2026/09/24 01:48:50.377, 36288, 46068, 82, 301.39
2026/09/24 01:48:51.379, 36288, 46068, 80, 299.09
2026/09/24 01:48:52.380, 36288, 46068, 100, 320.90
2026/09/24 01:48:53.381, 36288, 46068, 100, 329.45
2026/09/24 01:48:54.382, 36288, 46068, 100, 341.42
2026/09/24 01:48:55.383, 36288, 46068, 100, 346.74
2026/09/24 01:48:56.385, 36288, 46068, 100, 335.63
2026/09/24 01:48:57.387, 36288, 46068, 100, 334.86
2026/09/24 01:48:58.388, 36288, 46068, 100, 332.56
2026/09/24 01:48:59.390, 36288, 46068, 79, 297.92
2026/09/24 01:49:00.391, 36288, 46068, 78, 301.50
2026/09/24 01:49:01.393, 36288, 46068, 80, 312.97
2026/09/24 01:49:02.394, 36288, 46068, 85, 303.39
2026/09/24 01:49:03.395, 36288, 46068, 84, 277.97
2026/09/24 01:49:04.398, 36288, 46068, 84, 329.19
2026/09/24 01:49:05.400, 36288, 46068, 81, 333.49
2026/09/24 01:49:06.401, 36288, 46068, 84, 232.10
2026/09/24 01:49:07.403, 36288, 46068, 86, 316.21
2026/09/24 01:49:08.404, 36288, 46068, 87, 339.05
2026/09/24 01:49:09.405, 36288, 46068, 85, 343.70
2026/09/24 01:49:10.407, 36288, 46068, 85, 344.09
2026/09/24 01:49:11.408, 36288, 46068, 85, 343.22
2026/09/24 01:49:12.409, 36288, 46068, 87, 341.06
2026/09/24 01:49:13.411, 36288, 46068, 85, 339.48
2026/09/24 01:49:14.413, 36288, 46068, 87, 327.05
2026/09/24 01:49:15.415, 36288, 46068, 90, 279.13
2026/09/24 01:49:16.416, 36288, 46068, 85, 338.11
2026/09/24 01:49:17.418, 36288, 46068, 84, 301.62
2026/09/24 01:49:18.419, 36288, 46068, 92, 303.58
2026/09/24 01:49:19.420, 36288, 46068, 84, 306.87
2026/09/24 01:49:20.421, 36288, 46068, 83, 313.90
2026/09/24 01:49:21.422, 36288, 46068, 86, 313.92
2026/09/24 01:49:22.424, 36288, 46068, 85, 312.77
2026/09/24 01:49:23.426, 36288, 46068, 84, 312.95
2026/09/24 01:49:24.427, 36288, 46068, 85, 298.92
2026/09/24 01:49:25.428, 36288, 46068, 42, 304.45
2026/09/24 01:49:26.429, 36288, 46068, 100, 346.14
2026/09/24 01:49:27.430, 36288, 46068, 100, 346.74
2026/09/24 01:49:28.431, 36288, 46068, 100, 334.87
2026/09/24 01:49:29.433, 36288, 46068, 100, 332.66
2026/09/24 01:49:30.435, 36288, 46068, 100, 326.70
2026/09/24 01:49:31.437, 36288, 46068, 100, 335.28
2026/09/24 01:49:32.438, 36288, 46068, 100, 327.18
2026/09/24 01:49:33.439, 36288, 46068, 83, 299.99
2026/09/24 01:49:34.440, 36288, 46068, 83, 290.79
2026/09/24 01:49:35.441, 36288, 46068, 82, 318.01
2026/09/24 01:49:36.442, 36288, 46068, 84, 291.57
2026/09/24 01:49:37.444, 36288, 46068, 80, 322.91
2026/09/24 01:49:38.446, 36288, 46068, 83, 266.45
2026/09/24 01:49:39.448, 36288, 46068, 83, 323.63
2026/09/24 01:49:40.449, 36288, 46068, 84, 335.85
2026/09/24 01:49:41.451, 36288, 46068, 83, 336.35
2026/09/24 01:49:42.455, 36288, 46068, 85, 285.69
2026/09/24 01:49:43.457, 36288, 46068, 86, 271.93
2026/09/24 01:49:44.458, 36288, 46068, 86, 340.93
2026/09/24 01:49:45.461, 36288, 46068, 85, 342.60
2026/09/24 01:49:46.462, 36288, 46068, 83, 305.37
2026/09/24 01:49:47.463, 36288, 46068, 84, 298.71
2026/09/24 01:49:48.467, 36288, 46068, 83, 312.70
2026/09/24 01:49:49.468, 36288, 46068, 85, 305.04
2026/09/24 01:49:50.470, 36288, 46068, 91, 299.87
2026/09/24 01:49:51.471, 36288, 46068, 86, 339.33
2026/09/24 01:49:52.473, 36288, 46068, 85, 306.29
2026/09/24 01:49:53.475, 36288, 46068, 94, 309.43
2026/09/24 01:49:54.476, 36288, 46068, 86, 316.32
2026/09/24 01:49:55.477, 36288, 46068, 85, 317.30
2026/09/24 01:49:56.478, 36288, 46068, 85, 316.71
2026/09/24 01:49:57.479, 36288, 46068, 86, 314.18
2026/09/24 01:49:58.481, 36288, 46068, 84, 299.70
2026/09/24 01:49:59.482, 36288, 46068, 100, 327.64
2026/09/24 01:50:00.483, 36288, 46068, 100, 329.89
2026/09/24 01:50:01.484, 36288, 46068, 100, 336.99
2026/09/24 01:50:02.485, 36288, 46068, 100, 335.79
2026/09/24 01:50:03.486, 36288, 46068, 100, 329.67
2026/09/24 01:50:04.487, 36288, 46068, 100, 343.79
2026/09/24 01:50:05.490, 36288, 46068, 100, 344.07
2026/09/24 01:50:06.491, 36288, 46068, 85, 323.91
2026/09/24 01:50:07.492, 36288, 46068, 85, 305.79
2026/09/24 01:50:08.494, 36288, 46068, 84, 283.63
2026/09/24 01:50:09.495, 36288, 46068, 79, 329.85
2026/09/24 01:50:10.497, 36288, 46068, 85, 273.10
2026/09/24 01:50:11.498, 36288, 46068, 84, 341.43
2026/09/24 01:50:12.500, 36288, 46068, 82, 317.31
2026/09/24 01:50:13.501, 36288, 46068, 85, 225.51
2026/09/24 01:50:14.503, 36288, 46068, 85, 285.50
2026/09/24 01:50:15.505, 36288, 46068, 84, 317.21
2026/09/24 01:50:16.507, 36288, 46068, 85, 312.85
2026/09/24 01:50:17.508, 36288, 46068, 86, 273.71
2026/09/24 01:50:18.511, 36288, 46068, 87, 226.28
2026/09/24 01:50:19.512, 36288, 46068, 88, 234.43
2026/09/24 01:50:20.513, 36288, 46068, 86, 332.66
2026/09/24 01:50:21.515, 36288, 46068, 84, 340.79
2026/09/24 01:50:22.516, 36288, 46068, 91, 282.24
2026/09/24 01:50:23.517, 36288, 46068, 87, 337.68
2026/09/24 01:50:24.518, 36288, 46068, 92, 299.17
2026/09/24 01:50:25.520, 36288, 46068, 84, 334.44
2026/09/24 01:50:26.521, 36288, 46068, 84, 309.46
2026/09/24 01:50:27.523, 36288, 46068, 86, 312.67
2026/09/24 01:50:28.524, 36288, 46068, 86, 311.70
2026/09/24 01:50:29.525, 36288, 46068, 88, 317.93
2026/09/24 01:50:30.527, 36288, 46068, 91, 320.83
2026/09/24 01:50:31.528, 36288, 46068, 86, 321.64
2026/09/24 01:50:32.529, 36288, 46068, 100, 339.79
2026/09/24 01:50:33.530, 36288, 46068, 100, 347.55
2026/09/24 01:50:34.531, 36288, 46068, 100, 343.67
2026/09/24 01:50:35.532, 36288, 46068, 100, 331.96
2026/09/24 01:50:36.534, 36288, 46068, 100, 344.64
2026/09/24 01:50:37.536, 36288, 46068, 100, 339.62
2026/09/24 01:50:38.538, 36288, 46068, 100, 338.42
2026/09/24 01:50:39.539, 36288, 46068, 82, 324.68
2026/09/24 01:50:40.540, 36288, 46068, 85, 292.61
2026/09/24 01:50:41.542, 36288, 46068, 83, 297.48
2026/09/24 01:50:42.543, 36288, 46068, 84, 324.70
2026/09/24 01:50:43.544, 36288, 46068, 82, 278.26
2026/09/24 01:50:44.545, 36288, 46068, 83, 304.94
2026/09/24 01:50:45.547, 36288, 46068, 83, 337.85
2026/09/24 01:50:46.548, 36288, 46068, 84, 344.00
2026/09/24 01:50:47.550, 36288, 46068, 85, 345.28
2026/09/24 01:50:48.552, 36288, 46068, 86, 346.51
2026/09/24 01:50:49.554, 36288, 46068, 84, 347.12
2026/09/24 01:50:50.555, 36288, 46068, 85, 345.74
2026/09/24 01:50:51.559, 36288, 46068, 85, 342.98
2026/09/24 01:50:52.561, 36288, 46068, 85, 334.59
2026/09/24 01:50:53.562, 36288, 46068, 89, 268.19
2026/09/24 01:50:54.563, 36288, 46068, 84, 339.37
2026/09/24 01:50:55.564, 36288, 46068, 89, 294.26
2026/09/24 01:50:56.565, 36288, 46068, 83, 338.52
2026/09/24 01:50:57.567, 36288, 46068, 85, 306.22
2026/09/24 01:50:58.568, 36288, 46068, 93, 304.03
2026/09/24 01:50:59.569, 36288, 46068, 85, 337.45
2026/09/24 01:51:00.570, 36288, 46068, 83, 310.76
2026/09/24 01:51:01.571, 36288, 46068, 84, 312.32
2026/09/24 01:51:02.572, 36288, 46068, 84, 317.82
2026/09/24 01:51:03.573, 36288, 46068, 84, 315.01
2026/09/24 01:51:04.574, 36288, 46068, 83, 298.86
2026/09/24 01:51:05.576, 36288, 46068, 100, 303.39
2026/09/24 01:51:06.577, 36288, 46068, 100, 334.73
2026/09/24 01:51:07.578, 36288, 46068, 100, 336.86
2026/09/24 01:51:08.580, 36288, 46068, 100, 337.86
2026/09/24 01:51:09.582, 36288, 46068, 100, 343.21
2026/09/24 01:51:10.583, 36288, 46068, 100, 346.08
2026/09/24 01:51:11.585, 36288, 46068, 100, 334.78
2026/09/24 01:51:12.586, 36288, 46068, 83, 318.52
2026/09/24 01:51:13.588, 36288, 46068, 82, 296.43
2026/09/24 01:51:14.589, 36288, 46068, 79, 320.38
2026/09/24 01:51:15.590, 36288, 46068, 83, 287.81
2026/09/24 01:51:16.592, 36288, 46068, 83, 321.79
2026/09/24 01:51:17.593, 36288, 46068, 81, 344.51
2026/09/24 01:51:18.595, 36288, 46068, 84, 255.78
2026/09/24 01:51:19.596, 36288, 46068, 83, 311.72
2026/09/24 01:51:20.597, 36288, 46068, 85, 334.05
2026/09/24 01:51:21.599, 36288, 46068, 85, 340.15
2026/09/24 01:51:22.601, 36288, 46068, 84, 342.26
2026/09/24 01:51:23.602, 36288, 46068, 85, 340.63
2026/09/24 01:51:24.603, 36288, 46068, 86, 335.03
2026/09/24 01:51:25.605, 36288, 46068, 86, 315.58
2026/09/24 01:51:26.606, 36288, 46068, 89, 260.94
2026/09/24 01:51:27.607, 36288, 46068, 87, 345.70
2026/09/24 01:51:28.608, 36288, 46068, 84, 322.30
2026/09/24 01:51:29.609, 36288, 46068, 85, 301.08
2026/09/24 01:51:30.611, 36288, 46068, 86, 305.68
2026/09/24 01:51:31.612, 36288, 46068, 86, 320.23
2026/09/24 01:51:32.614, 36288, 46068, 93, 305.12
2026/09/24 01:51:33.616, 36288, 46068, 85, 319.90
2026/09/24 01:51:34.617, 36288, 46068, 86, 314.19
2026/09/24 01:51:35.619, 36288, 46068, 85, 314.06
2026/09/24 01:51:36.620, 36288, 46068, 86, 315.67
2026/09/24 01:51:37.621, 36288, 46068, 85, 318.61
2026/09/24 01:51:38.622, 36288, 46068, 100, 318.80
2026/09/24 01:51:39.623, 36288, 46068, 100, 337.20
2026/09/24 01:51:40.624, 36288, 46068, 100, 342.06
2026/09/24 01:51:41.625, 36288, 46068, 100, 346.12
2026/09/24 01:51:42.626, 36288, 46068, 100, 333.39
2026/09/24 01:51:43.627, 36288, 46068, 100, 346.45
2026/09/24 01:51:44.628, 36288, 46068, 100, 337.71
2026/09/24 01:51:45.629, 36288, 46068, 86, 305.22
2026/09/24 01:51:46.630, 36288, 46068, 84, 308.33
2026/09/24 01:51:47.632, 36288, 46068, 86, 314.77
2026/09/24 01:51:48.634, 36288, 46068, 86, 302.52
2026/09/24 01:51:49.635, 36288, 46068, 85, 305.19
2026/09/24 01:51:50.637, 36288, 46068, 85, 329.81
2026/09/24 01:51:51.638, 36288, 46068, 86, 287.43
2026/09/24 01:51:52.639, 36288, 46068, 86, 309.14
2026/09/24 01:51:53.641, 36288, 46068, 87, 340.12
2026/09/24 01:51:54.642, 36288, 46068, 86, 345.41
2026/09/24 01:51:55.644, 36288, 46068, 85, 342.03
2026/09/24 01:51:56.644, 36288, 46068, 86, 306.35
2026/09/24 01:51:57.646, 36288, 46068, 87, 343.78
2026/09/24 01:51:58.647, 36288, 46068, 86, 347.80
2026/09/24 01:51:59.650, 36288, 46068, 85, 344.19
2026/09/24 01:52:00.651, 36288, 46068, 82, 323.30
2026/09/24 01:52:01.652, 36288, 46068, 84, 305.54
2026/09/24 01:52:02.653, 36288, 46068, 88, 302.35
2026/09/24 01:52:03.654, 36288, 46068, 84, 310.63
2026/09/24 01:52:04.655, 36288, 46068, 86, 324.22
2026/09/24 01:52:05.657, 36288, 46068, 86, 317.11
2026/09/24 01:52:06.659, 36288, 46068, 89, 307.17
2026/09/24 01:52:07.660, 36288, 46068, 86, 322.77
2026/09/24 01:52:08.661, 36288, 46068, 87, 325.09
2026/09/24 01:52:09.663, 36288, 46068, 88, 317.03
2026/09/24 01:52:10.664, 36288, 46068, 88, 320.66
2026/09/24 01:52:11.665, 36288, 46068, 100, 304.75
2026/09/24 01:52:12.666, 36288, 46068, 100, 315.56
2026/09/24 01:52:13.667, 36288, 46068, 100, 339.54
2026/09/24 01:52:14.669, 36288, 46068, 100, 344.84
2026/09/24 01:52:15.670, 36288, 46068, 100, 336.90
2026/09/24 01:52:16.672, 36288, 46068, 100, 338.07
2026/09/24 01:52:17.673, 36288, 46068, 100, 345.27
2026/09/24 01:52:18.674, 36288, 46068, 86, 331.41
2026/09/24 01:52:19.676, 36288, 46068, 86, 310.66
2026/09/24 01:52:20.678, 36288, 46068, 86, 309.56
2026/09/24 01:52:21.679, 36288, 46068, 81, 303.68
2026/09/24 01:52:22.680, 36288, 46068, 86, 310.79
2026/09/24 01:52:23.682, 36288, 46068, 85, 283.59
2026/09/24 01:52:24.683, 36288, 46068, 85, 303.91
2026/09/24 01:52:25.684, 36288, 46068, 84, 337.69
2026/09/24 01:52:26.685, 36288, 46068, 84, 343.00
2026/09/24 01:52:27.686, 36288, 46068, 85, 344.83
2026/09/24 01:52:28.687, 36288, 46068, 86, 346.15
2026/09/24 01:52:29.688, 36288, 46068, 86, 346.32
2026/09/24 01:52:30.689, 36288, 46068, 86, 346.05
2026/09/24 01:52:31.690, 36288, 46068, 85, 344.66
2026/09/24 01:52:32.691, 36288, 46068, 87, 339.35
2026/09/24 01:52:33.693, 36288, 46068, 85, 285.56
2026/09/24 01:52:34.695, 36288, 46068, 84, 328.06
2026/09/24 01:52:35.697, 36288, 46068, 91, 296.42
2026/09/24 01:52:36.698, 36288, 46068, 85, 335.76
2026/09/24 01:52:37.699, 36288, 46068, 86, 305.41
2026/09/24 01:52:38.702, 36288, 46068, 91, 307.42
2026/09/24 01:52:39.704, 36288, 46068, 86, 327.87
2026/09/24 01:52:40.706, 36288, 46068, 88, 317.62
2026/09/24 01:52:41.707, 36288, 46068, 86, 315.43
2026/09/24 01:52:42.708, 36288, 46068, 86, 316.58
2026/09/24 01:52:43.709, 36288, 46068, 86, 319.71
2026/09/24 01:52:44.710, 36288, 46068, 100, 319.52
2026/09/24 01:52:45.711, 36288, 46068, 100, 341.83
2026/09/24 01:52:46.712, 36288, 46068, 100, 344.74
2026/09/24 01:52:47.714, 36288, 46068, 100, 329.57
2026/09/24 01:52:48.715, 36288, 46068, 100, 338.48
2026/09/24 01:52:49.717, 36288, 46068, 100, 350.23
2026/09/24 01:52:50.719, 36288, 46068, 100, 326.05
2026/09/24 01:52:51.720, 36288, 46068, 76, 295.21
2026/09/24 01:52:52.721, 36288, 46068, 79, 305.53
2026/09/24 01:52:53.722, 36288, 46068, 86, 301.22
2026/09/24 01:52:54.724, 36288, 46068, 87, 308.13
2026/09/24 01:52:55.726, 36288, 46068, 86, 302.59
2026/09/24 01:52:56.728, 36288, 46068, 85, 335.95
2026/09/24 01:52:57.730, 36288, 46068, 85, 300.05
2026/09/24 01:52:58.732, 36288, 46068, 86, 342.95
2026/09/24 01:52:59.733, 36288, 46068, 85, 289.44
2026/09/24 01:53:00.734, 36288, 46068, 86, 261.78
2026/09/24 01:53:01.736, 36288, 46068, 87, 323.52
2026/09/24 01:53:02.738, 36288, 46068, 86, 333.37
2026/09/24 01:53:03.739, 36288, 46068, 86, 326.55
2026/09/24 01:53:04.740, 36288, 46068, 87, 308.73
2026/09/24 01:53:05.741, 36288, 46068, 87, 276.80
2026/09/24 01:53:06.743, 36288, 46068, 89, 266.97
2026/09/24 01:53:07.745, 36288, 46068, 88, 345.69
2026/09/24 01:53:08.747, 36288, 46068, 86, 302.98
2026/09/24 01:53:09.748, 36288, 46068, 85, 318.90
2026/09/24 01:53:10.749, 36288, 46068, 89, 298.82
2026/09/24 01:53:11.750, 36288, 46068, 88, 342.67
2026/09/24 01:53:12.752, 36288, 46068, 88, 308.34
2026/09/24 01:53:13.753, 36288, 46068, 86, 315.80
2026/09/24 01:53:14.754, 36288, 46068, 86, 324.83
2026/09/24 01:53:15.756, 36288, 46068, 87, 318.67
2026/09/24 01:53:16.757, 36288, 46068, 87, 321.76
2026/09/24 01:53:17.758, 36288, 46068, 100, 318.61
2026/09/24 01:53:18.759, 36288, 46068, 100, 322.53
2026/09/24 01:53:19.760, 36288, 46068, 100, 337.28
2026/09/24 01:53:20.762, 36288, 46068, 100, 328.42
2026/09/24 01:53:21.763, 36288, 46068, 100, 338.67
2026/09/24 01:53:22.765, 36288, 46068, 100, 327.24
2026/09/24 01:53:23.766, 36288, 46068, 100, 330.76
2026/09/24 01:53:24.767, 36288, 46068, 86, 302.99
2026/09/24 01:53:25.769, 36288, 46068, 87, 317.10
2026/09/24 01:53:26.770, 36288, 46068, 88, 314.68
2026/09/24 01:53:27.771, 36288, 46068, 87, 315.50
2026/09/24 01:53:28.772, 36288, 46068, 87, 311.93
2026/09/24 01:53:29.773, 36288, 46068, 86, 310.38
2026/09/24 01:53:30.775, 36288, 46068, 88, 327.47
2026/09/24 01:53:31.776, 36288, 46068, 88, 296.65
2026/09/24 01:53:32.777, 36288, 46068, 87, 335.28
2026/09/24 01:53:33.779, 36288, 46068, 85, 344.61
2026/09/24 01:53:34.780, 36288, 46068, 88, 248.11
2026/09/24 01:53:35.782, 36288, 46068, 88, 296.34
2026/09/24 01:53:36.783, 36288, 46068, 87, 322.23
2026/09/24 01:53:37.784, 36288, 46068, 86, 317.67
2026/09/24 01:53:38.786, 36288, 46068, 88, 269.34
2026/09/24 01:53:39.788, 36288, 46068, 89, 278.26
2026/09/24 01:53:40.789, 36288, 46068, 86, 346.17
2026/09/24 01:53:41.790, 36288, 46068, 87, 329.44
2026/09/24 01:53:42.791, 36288, 46068, 86, 303.68
2026/09/24 01:53:43.793, 36288, 46068, 86, 307.27
2026/09/24 01:53:44.794, 36288, 46068, 86, 332.55
2026/09/24 01:53:45.795, 36288, 46068, 86, 316.68
2026/09/24 01:53:46.796, 36288, 46068, 86, 315.07
2026/09/24 01:53:47.797, 36288, 46068, 87, 316.54
2026/09/24 01:53:48.798, 36288, 46068, 85, 321.29
2026/09/24 01:53:49.799, 36288, 46068, 100, 315.06
2026/09/24 01:53:50.800, 36288, 46068, 100, 344.18
2026/09/24 01:53:51.801, 36288, 46068, 100, 347.32
2026/09/24 01:53:52.802, 36288, 46068, 100, 333.04
2026/09/24 01:53:53.803, 36288, 46068, 100, 323.95
2026/09/24 01:53:54.805, 36288, 46068, 100, 342.54
2026/09/24 01:53:55.807, 36288, 46068, 100, 340.86
2026/09/24 01:53:56.808, 36288, 46068, 100, 335.75
2026/09/24 01:53:57.809, 36288, 46068, 83, 304.26
2026/09/24 01:53:58.810, 36288, 46068, 87, 304.84
2026/09/24 01:53:59.811, 36288, 46068, 87, 312.62
2026/09/24 01:54:00.812, 36288, 46068, 80, 325.85
2026/09/24 01:54:01.813, 36288, 46068, 87, 311.51
2026/09/24 01:54:02.814, 36288, 46068, 87, 303.68
2026/09/24 01:54:03.817, 36288, 46068, 83, 343.78
2026/09/24 01:54:04.819, 36288, 46068, 86, 278.60
2026/09/24 01:54:05.821, 36288, 46068, 85, 334.76
2026/09/24 01:54:06.822, 36288, 46068, 87, 343.67
2026/09/24 01:54:07.824, 36288, 46068, 87, 345.52
2026/09/24 01:54:08.825, 36288, 46068, 83, 344.05
2026/09/24 01:54:09.827, 36288, 46068, 85, 338.46
2026/09/24 01:54:10.828, 36288, 46068, 86, 302.56
2026/09/24 01:54:11.828, 36288, 46068, 86, 274.07
2026/09/24 01:54:12.830, 36288, 46068, 85, 343.61
2026/09/24 01:54:13.832, 36288, 46068, 88, 289.99
2026/09/24 01:54:14.834, 36288, 46068, 87, 332.99
2026/09/24 01:54:15.835, 36288, 46068, 93, 293.70
2026/09/24 01:54:16.837, 36288, 46068, 87, 341.06
2026/09/24 01:54:17.838, 36288, 46068, 87, 306.76
2026/09/24 01:54:18.840, 36288, 46068, 88, 320.25
2026/09/24 01:54:19.841, 36288, 46068, 87, 325.71
2026/09/24 01:54:20.842, 36288, 46068, 88, 318.41
2026/09/24 01:54:21.844, 36288, 46068, 87, 318.97
2026/09/24 01:54:22.845, 36288, 46068, 100, 322.53
2026/09/24 01:54:23.846, 36288, 46068, 100, 341.23
2026/09/24 01:54:24.847, 36288, 46068, 100, 338.01
2026/09/24 01:54:25.848, 36288, 46068, 100, 342.75
2026/09/24 01:54:26.850, 36288, 46068, 100, 345.40
2026/09/24 01:54:27.852, 36288, 46068, 100, 333.36
2026/09/24 01:54:28.854, 36288, 46068, 100, 341.73
2026/09/24 01:54:29.855, 36288, 46068, 85, 332.75
2026/09/24 01:54:30.856, 36288, 46068, 86, 312.02
2026/09/24 01:54:31.857, 36288, 46068, 86, 311.50
2026/09/24 01:54:32.858, 36288, 46068, 86, 309.36
2026/09/24 01:54:33.859, 36288, 46068, 81, 333.04
2026/09/24 01:54:34.860, 36288, 46068, 88, 304.23
2026/09/24 01:54:35.862, 36288, 46068, 87, 307.23
2026/09/24 01:54:36.864, 36288, 46068, 87, 339.89
2026/09/24 01:54:37.865, 36288, 46068, 87, 285.06
2026/09/24 01:54:38.866, 36288, 46068, 88, 336.14
2026/09/24 01:54:39.867, 36288, 46068, 85, 347.05
2026/09/24 01:54:40.869, 36288, 46068, 86, 289.94
2026/09/24 01:54:41.870, 36288, 46068, 88, 242.96
2026/09/24 01:54:42.871, 36288, 46068, 88, 279.83
2026/09/24 01:54:43.872, 36288, 46068, 87, 242.30
2026/09/24 01:54:44.874, 36288, 46068, 87, 297.03
2026/09/24 01:54:45.875, 36288, 46068, 87, 345.92
2026/09/24 01:54:46.876, 36288, 46068, 88, 328.21
2026/09/24 01:54:47.878, 36288, 46068, 88, 294.43
2026/09/24 01:54:48.879, 36288, 46068, 88, 341.77
2026/09/24 01:54:49.880, 36288, 46068, 88, 304.99
2026/09/24 01:54:50.881, 36288, 46068, 88, 333.20
2026/09/24 01:54:51.882, 36288, 46068, 88, 316.00
2026/09/24 01:54:52.884, 36288, 46068, 85, 319.56
2026/09/24 01:54:53.885, 36288, 46068, 88, 317.87
2026/09/24 01:54:54.887, 36288, 46068, 97, 320.63
2026/09/24 01:54:55.888, 36288, 46068, 100, 341.16
2026/09/24 01:54:56.889, 36288, 46068, 100, 344.74
2026/09/24 01:54:57.890, 36288, 46068, 100, 332.12
2026/09/24 01:54:58.891, 36288, 46068, 100, 335.36
2026/09/24 01:54:59.892, 36288, 46068, 100, 339.96
2026/09/24 01:55:00.894, 36288, 46068, 100, 340.87
2026/09/24 01:55:01.896, 36288, 46068, 100, 341.16
2026/09/24 01:55:02.897, 36288, 46068, 87, 309.35
2026/09/24 01:55:03.900, 36288, 46068, 44, 291.03
2026/09/24 01:55:04.901, 36288, 46068, 0, 129.06
2026/09/24 01:55:05.903, 36288, 46068, 0, 105.06
2026/09/24 01:55:06.904, 36288, 46068, 0, 104.17
2026/09/24 01:55:07.906, 36288, 46068, 0, 103.20
2026/09/24 01:55:08.907, 36288, 46068, 0, 102.96
2026/09/24 01:55:09.909, 36288, 46068, 0, 102.51
2026/09/24 01:55:10.910, 36288, 46068, 0, 101.95
2026/09/24 01:55:11.912, 36288, 46068, 0, 101.47
2026/09/24 01:55:12.914, 36288, 46068, 0, 100.79
2026/09/24 01:55:13.916, 36288, 46068, 90, 244.06
2026/09/24 01:55:14.917, 36288, 46068, 94, 254.20
2026/09/24 01:55:15.919, 36288, 46068, 91, 260.71
2026/09/24 01:55:16.920, 36288, 46068, 93, 259.89
2026/09/24 01:55:17.921, 36288, 46068, 92, 261.43
2026/09/24 01:55:18.923, 36288, 46068, 92, 259.22
2026/09/24 01:55:19.925, 36288, 46068, 92, 260.89
2026/09/24 01:55:20.926, 36288, 46068, 100, 316.08
2026/09/24 01:55:21.927, 36288, 46068, 100, 338.68
2026/09/24 01:55:22.928, 36288, 46068, 100, 338.56
2026/09/24 01:55:23.930, 36288, 46068, 100, 341.63
2026/09/24 01:55:24.931, 36288, 46068, 100, 352.12
2026/09/24 01:55:25.933, 36288, 46068, 88, 305.43
2026/09/24 01:55:26.934, 36288, 46068, 88, 299.23
2026/09/24 01:55:27.935, 36288, 46068, 78, 300.88
2026/09/24 01:55:28.936, 36288, 46068, 81, 295.44
2026/09/24 01:55:29.937, 36288, 46068, 77, 296.13
2026/09/24 01:55:30.939, 36288, 46068, 88, 298.47
2026/09/24 01:55:31.940, 36288, 46068, 88, 301.08
2026/09/24 01:55:32.942, 36288, 46068, 80, 299.68
2026/09/24 01:55:33.943, 36288, 46068, 88, 294.33
2026/09/24 01:55:34.945, 36288, 46068, 89, 307.99
2026/09/24 01:55:35.946, 36288, 46068, 88, 305.66
2026/09/24 01:55:36.947, 36288, 46068, 89, 303.17
2026/09/24 01:55:37.948, 36288, 46068, 88, 303.15
2026/09/24 01:55:38.949, 36288, 46068, 89, 303.18
2026/09/24 01:55:39.950, 36288, 46068, 79, 307.43
2026/09/24 01:55:40.952, 36288, 46068, 90, 309.29
2026/09/24 01:55:41.953, 36288, 46068, 89, 301.06
2026/09/24 01:55:42.954, 36288, 46068, 89, 315.09
2026/09/24 01:55:43.955, 36288, 46068, 79, 297.78
2026/09/24 01:55:44.956, 36288, 46068, 89, 305.51
2026/09/24 01:55:45.958, 36288, 46068, 90, 313.07
2026/09/24 01:55:46.959, 36288, 46068, 100, 334.15
2026/09/24 01:55:47.960, 36288, 46068, 100, 337.02
2026/09/24 01:55:48.961, 36288, 46068, 100, 333.55
2026/09/24 01:55:49.962, 36288, 46068, 100, 331.87
2026/09/24 01:55:50.964, 36288, 46068, 100, 337.81
2026/09/24 01:55:51.965, 36288, 46068, 100, 335.74
2026/09/24 01:55:52.967, 36288, 46068, 100, 334.17
2026/09/24 01:55:53.968, 36288, 46068, 87, 317.04
2026/09/24 01:55:54.970, 36288, 46068, 87, 316.16
2026/09/24 01:55:55.971, 36288, 46068, 87, 317.02
2026/09/24 01:55:56.973, 36288, 46068, 87, 310.59
2026/09/24 01:55:57.974, 36288, 46068, 86, 306.22
2026/09/24 01:55:58.976, 36288, 46068, 81, 321.35
2026/09/24 01:55:59.977, 36288, 46068, 88, 303.85
2026/09/24 01:56:00.978, 36288, 46068, 87, 301.40
2026/09/24 01:56:01.980, 36288, 46068, 88, 319.20
2026/09/24 01:56:02.982, 36288, 46068, 87, 341.96
2026/09/24 01:56:03.983, 36288, 46068, 87, 279.33
2026/09/24 01:56:04.984, 36288, 46068, 87, 233.70
2026/09/24 01:56:05.985, 36288, 46068, 88, 291.10
2026/09/24 01:56:06.986, 36288, 46068, 87, 292.76
2026/09/24 01:56:07.987, 36288, 46068, 87, 258.23
2026/09/24 01:56:08.988, 36288, 46068, 89, 293.10
2026/09/24 01:56:09.989, 36288, 46068, 87, 342.98
2026/09/24 01:56:10.990, 36288, 46068, 87, 326.33
2026/09/24 01:56:11.991, 36288, 46068, 87, 298.02
2026/09/24 01:56:12.992, 36288, 46068, 86, 304.84
2026/09/24 01:56:13.993, 36288, 46068, 85, 330.11
2026/09/24 01:56:14.995, 36288, 46068, 86, 312.40
2026/09/24 01:56:15.996, 36288, 46068, 86, 313.84
2026/09/24 01:56:16.997, 36288, 46068, 86, 316.66
2026/09/24 01:56:17.998, 36288, 46068, 86, 319.14
2026/09/24 01:56:18.999, 36288, 46068, 100, 316.86
2026/09/24 01:56:20.000, 36288, 46068, 100, 339.00
2026/09/24 01:56:21.001, 36288, 46068, 100, 340.96
2026/09/24 01:56:22.002, 36288, 46068, 100, 330.31
2026/09/24 01:56:23.003, 36288, 46068, 100, 342.60
2026/09/24 01:56:24.005, 36288, 46068, 100, 331.68
2026/09/24 01:56:25.006, 36288, 46068, 100, 337.58
2026/09/24 01:56:26.008, 36288, 46068, 86, 322.68
2026/09/24 01:56:27.010, 36288, 46068, 87, 312.24
2026/09/24 01:56:28.011, 36288, 46068, 87, 308.64
2026/09/24 01:56:29.012, 36288, 46068, 86, 305.24
2026/09/24 01:56:30.013, 36288, 46068, 86, 303.61
2026/09/24 01:56:31.015, 36288, 46068, 86, 337.67
2026/09/24 01:56:32.017, 36288, 46068, 85, 286.60
2026/09/24 01:56:33.018, 36288, 46068, 87, 337.68
2026/09/24 01:56:34.019, 36288, 46068, 83, 333.30
2026/09/24 01:56:35.020, 36288, 46068, 85, 225.39
2026/09/24 01:56:36.022, 36288, 46068, 85, 234.31
2026/09/24 01:56:37.024, 36288, 46068, 85, 248.14
2026/09/24 01:56:38.026, 36288, 46068, 87, 218.29
2026/09/24 01:56:39.027, 36288, 46068, 86, 331.98
2026/09/24 01:56:40.029, 36288, 46068, 87, 344.39
2026/09/24 01:56:41.030, 36288, 46068, 88, 342.24
2026/09/24 01:56:42.031, 36288, 46068, 88, 331.02
2026/09/24 01:56:43.033, 36288, 46068, 91, 269.56
2026/09/24 01:56:44.034, 36288, 46068, 87, 341.90
2026/09/24 01:56:45.035, 36288, 46068, 87, 310.83
2026/09/24 01:56:46.036, 36288, 46068, 86, 318.43
2026/09/24 01:56:47.037, 36288, 46068, 92, 303.95
2026/09/24 01:56:48.039, 36288, 46068, 87, 339.65
2026/09/24 01:56:49.040, 36288, 46068, 88, 316.64
2026/09/24 01:56:50.042, 36288, 46068, 87, 315.58
2026/09/24 01:56:51.044, 36288, 46068, 94, 318.09
2026/09/24 01:56:52.045, 36288, 46068, 100, 322.45
2026/09/24 01:56:53.046, 36288, 46068, 100, 335.45
2026/09/24 01:56:54.046, 36288, 46068, 100, 335.99
2026/09/24 01:56:55.048, 36288, 46068, 100, 339.16
2026/09/24 01:56:56.049, 36288, 46068, 100, 342.87
2026/09/24 01:56:57.051, 36288, 46068, 100, 344.59
2026/09/24 01:56:58.052, 36288, 46068, 100, 329.77
2026/09/24 01:56:59.054, 36288, 46068, 88, 318.93
2026/09/24 01:57:00.055, 36288, 46068, 85, 318.29
2026/09/24 01:57:01.056, 36288, 46068, 88, 320.05
2026/09/24 01:57:02.057, 36288, 46068, 87, 315.46
2026/09/24 01:57:03.058, 36288, 46068, 87, 313.27
2026/09/24 01:57:04.059, 36288, 46068, 87, 310.66
2026/09/24 01:57:05.060, 36288, 46068, 87, 330.97
2026/09/24 01:57:06.061, 36288, 46068, 87, 297.55
2026/09/24 01:57:07.062, 36288, 46068, 87, 336.40
2026/09/24 01:57:08.063, 36288, 46068, 85, 315.45
2026/09/24 01:57:09.065, 36288, 46068, 88, 285.74
2026/09/24 01:57:10.067, 36288, 46068, 86, 330.90
2026/09/24 01:57:11.068, 36288, 46068, 86, 332.70
2026/09/24 01:57:12.069, 36288, 46068, 87, 311.50
2026/09/24 01:57:13.071, 36288, 46068, 88, 254.46
2026/09/24 01:57:14.072, 36288, 46068, 88, 286.00
2026/09/24 01:57:15.073, 36288, 46068, 87, 346.38
2026/09/24 01:57:16.074, 36288, 46068, 87, 334.91
2026/09/24 01:57:17.076, 36288, 46068, 88, 295.02
2026/09/24 01:57:18.078, 36288, 46068, 87, 340.39
2026/09/24 01:57:19.079, 36288, 46068, 87, 308.40
2026/09/24 01:57:20.080, 36288, 46068, 94, 310.90
2026/09/24 01:57:21.081, 36288, 46068, 86, 315.36
2026/09/24 01:57:22.083, 36288, 46068, 88, 321.07
2026/09/24 01:57:23.084, 36288, 46068, 87, 324.42
2026/09/24 01:57:24.085, 36288, 46068, 42, 275.21
2026/09/24 01:57:25.086, 36288, 46068, 100, 321.82
2026/09/24 01:57:26.087, 36288, 46068, 100, 340.78
2026/09/24 01:57:27.088, 36288, 46068, 100, 330.24
2026/09/24 01:57:28.089, 36288, 46068, 100, 330.14
2026/09/24 01:57:29.091, 36288, 46068, 100, 340.54
2026/09/24 01:57:30.092, 36288, 46068, 100, 332.96
2026/09/24 01:57:31.093, 36288, 46068, 100, 341.35
2026/09/24 01:57:32.094, 36288, 46068, 78, 306.49
2026/09/24 01:57:33.096, 36288, 46068, 77, 306.34
2026/09/24 01:57:34.097, 36288, 46068, 85, 315.21
2026/09/24 01:57:35.099, 36288, 46068, 85, 293.65
2026/09/24 01:57:36.100, 36288, 46068, 80, 314.42
2026/09/24 01:57:37.101, 36288, 46068, 85, 290.46
2026/09/24 01:57:38.103, 36288, 46068, 86, 343.27
2026/09/24 01:57:39.104, 36288, 46068, 87, 294.80
2026/09/24 01:57:40.105, 36288, 46068, 86, 339.17
2026/09/24 01:57:41.107, 36288, 46068, 85, 337.98
2026/09/24 01:57:42.108, 36288, 46068, 87, 250.51
2026/09/24 01:57:43.109, 36288, 46068, 86, 290.08
2026/09/24 01:57:44.110, 36288, 46068, 87, 266.62
2026/09/24 01:57:45.112, 36288, 46068, 88, 272.54
2026/09/24 01:57:46.113, 36288, 46068, 85, 345.30
2026/09/24 01:57:47.114, 36288, 46068, 86, 316.58
2026/09/24 01:57:48.115, 36288, 46068, 85, 300.36
2026/09/24 01:57:49.116, 36288, 46068, 85, 318.64
2026/09/24 01:57:50.118, 36288, 46068, 86, 317.54
2026/09/24 01:57:51.119, 36288, 46068, 93, 300.47
2026/09/24 01:57:52.120, 36288, 46068, 88, 341.07
2026/09/24 01:57:53.122, 36288, 46068, 86, 310.36
2026/09/24 01:57:54.124, 36288, 46068, 89, 316.89
2026/09/24 01:57:55.125, 36288, 46068, 90, 318.78
2026/09/24 01:57:56.126, 36288, 46068, 91, 311.39
2026/09/24 01:57:57.128, 36288, 46068, 100, 322.42
2026/09/24 01:57:58.128, 36288, 46068, 100, 345.38
2026/09/24 01:57:59.130, 36288, 46068, 100, 333.96
2026/09/24 01:58:00.131, 36288, 46068, 100, 347.38
2026/09/24 01:58:01.132, 36288, 46068, 100, 342.84
2026/09/24 01:58:02.134, 36288, 46068, 100, 334.25
2026/09/24 01:58:03.136, 36288, 46068, 100, 341.47
2026/09/24 01:58:04.137, 36288, 46068, 86, 326.08
2026/09/24 01:58:05.139, 36288, 46068, 80, 318.73
2026/09/24 01:58:06.140, 36288, 46068, 84, 315.79
2026/09/24 01:58:07.141, 36288, 46068, 87, 314.63
2026/09/24 01:58:08.143, 36288, 46068, 86, 313.94
2026/09/24 01:58:09.145, 36288, 46068, 87, 305.49
2026/09/24 01:58:10.146, 36288, 46068, 86, 339.05
2026/09/24 01:58:11.148, 36288, 46068, 87, 296.04
2026/09/24 01:58:12.149, 36288, 46068, 87, 342.32
2026/09/24 01:58:13.151, 36288, 46068, 88, 281.87
2026/09/24 01:58:14.153, 36288, 46068, 87, 323.64
2026/09/24 01:58:15.154, 36288, 46068, 88, 340.48
2026/09/24 01:58:16.155, 36288, 46068, 87, 343.75
2026/09/24 01:58:17.156, 36288, 46068, 88, 343.17
2026/09/24 01:58:18.158, 36288, 46068, 86, 341.53
2026/09/24 01:58:19.160, 36288, 46068, 87, 323.73
2026/09/24 01:58:20.161, 36288, 46068, 91, 263.13
2026/09/24 01:58:21.162, 36288, 46068, 88, 345.67
2026/09/24 01:58:22.164, 36288, 46068, 87, 333.59
2026/09/24 01:58:23.165, 36288, 46068, 86, 303.67
2026/09/24 01:58:24.167, 36288, 46068, 95, 307.93
2026/09/24 01:58:25.168, 36288, 46068, 85, 332.63
2026/09/24 01:58:26.170, 36288, 46068, 86, 314.62
2026/09/24 01:58:27.172, 36288, 46068, 85, 316.89
2026/09/24 01:58:28.173, 36288, 46068, 87, 319.10
2026/09/24 01:58:29.174, 36288, 46068, 88, 320.30
2026/09/24 01:58:30.175, 36288, 46068, 100, 320.76
2026/09/24 01:58:31.176, 36288, 46068, 100, 334.52
2026/09/24 01:58:32.177, 36288, 46068, 100, 332.98
2026/09/24 01:58:33.178, 36288, 46068, 100, 329.94
2026/09/24 01:58:34.180, 36288, 46068, 100, 350.22
2026/09/24 01:58:35.181, 36288, 46068, 100, 349.39
2026/09/24 01:58:36.183, 36288, 46068, 100, 345.23
2026/09/24 01:58:37.184, 36288, 46068, 77, 325.50
2026/09/24 01:58:38.186, 36288, 46068, 87, 301.48
2026/09/24 01:58:39.187, 36288, 46068, 88, 306.73
2026/09/24 01:58:40.188, 36288, 46068, 83, 314.51
2026/09/24 01:58:41.189, 36288, 46068, 87, 316.99
2026/09/24 01:58:42.191, 36288, 46068, 86, 309.07
2026/09/24 01:58:43.192, 36288, 46068, 86, 310.03
2026/09/24 01:58:44.193, 36288, 46068, 87, 308.85
2026/09/24 01:58:45.195, 36288, 46068, 85, 345.66
2026/09/24 01:58:46.196, 36288, 46068, 87, 262.25
2026/09/24 01:58:47.197, 36288, 46068, 87, 293.46
2026/09/24 01:58:48.198, 36288, 46068, 87, 333.15
2026/09/24 01:58:49.199, 36288, 46068, 87, 339.13
2026/09/24 01:58:50.200, 36288, 46068, 87, 338.61
2026/09/24 01:58:51.201, 36288, 46068, 88, 329.07
2026/09/24 01:58:52.202, 36288, 46068, 87, 274.87
2026/09/24 01:58:53.203, 36288, 46068, 88, 321.44
2026/09/24 01:58:54.204, 36288, 46068, 87, 342.41
2026/09/24 01:58:55.205, 36288, 46068, 93, 296.11
2026/09/24 01:58:56.206, 36288, 46068, 88, 345.85
2026/09/24 01:58:57.208, 36288, 46068, 87, 309.74
2026/09/24 01:58:58.212, 36288, 46068, 87, 330.83
2026/09/24 01:58:59.213, 36288, 46068, 88, 318.74
2026/09/24 01:59:00.215, 36288, 46068, 87, 317.14
2026/09/24 01:59:01.216, 36288, 46068, 88, 319.15
2026/09/24 01:59:02.217, 36288, 46068, 100, 319.51
2026/09/24 01:59:03.218, 36288, 46068, 100, 336.94
2026/09/24 01:59:04.219, 36288, 46068, 100, 335.24
2026/09/24 01:59:05.220, 36288, 46068, 100, 349.01
2026/09/24 01:59:06.221, 36288, 46068, 100, 333.90
2026/09/24 01:59:07.223, 36288, 46068, 100, 345.91
2026/09/24 01:59:08.224, 36288, 46068, 100, 324.76
2026/09/24 01:59:09.225, 36288, 46068, 87, 327.01
2026/09/24 01:59:10.226, 36288, 46068, 80, 312.70
2026/09/24 01:59:11.228, 36288, 46068, 86, 303.45
2026/09/24 01:59:12.232, 36288, 46068, 86, 309.54
2026/09/24 01:59:13.233, 36288, 46068, 80, 317.71
2026/09/24 01:59:14.234, 36288, 46068, 87, 310.96
2026/09/24 01:59:15.236, 36288, 46068, 87, 307.04
2026/09/24 01:59:16.237, 36288, 46068, 83, 331.38
2026/09/24 01:59:17.238, 36288, 46068, 87, 287.73
2026/09/24 01:59:18.239, 36288, 46068, 88, 343.23
2026/09/24 01:59:19.240, 36288, 46068, 88, 289.88
2026/09/24 01:59:20.242, 36288, 46068, 88, 275.53
2026/09/24 01:59:21.244, 36288, 46068, 87, 323.43
2026/09/24 01:59:22.245, 36288, 46068, 87, 331.39
2026/09/24 01:59:23.247, 36288, 46068, 86, 323.21
2026/09/24 01:59:24.248, 36288, 46068, 90, 271.45
2026/09/24 01:59:25.248, 36288, 46068, 86, 345.39
2026/09/24 01:59:26.250, 36288, 46068, 86, 296.24
2026/09/24 01:59:27.251, 36288, 46068, 85, 325.23
2026/09/24 01:59:28.252, 36288, 46068, 93, 302.58
2026/09/24 01:59:29.253, 36288, 46068, 87, 341.90
2026/09/24 01:59:30.254, 36288, 46068, 85, 312.10
2026/09/24 01:59:31.255, 36288, 46068, 87, 314.75
2026/09/24 01:59:32.256, 36288, 46068, 96, 317.28
2026/09/24 01:59:33.258, 36288, 46068, 87, 323.81
2026/09/24 01:59:34.259, 36288, 46068, 88, 320.30
2026/09/24 01:59:35.260, 36288, 46068, 100, 310.92
2026/09/24 01:59:36.261, 36288, 46068, 100, 330.67
2026/09/24 01:59:37.262, 36288, 46068, 100, 335.36
2026/09/24 01:59:38.264, 36288, 46068, 100, 328.36
2026/09/24 01:59:39.265, 36288, 46068, 100, 339.26
2026/09/24 01:59:40.267, 36288, 46068, 100, 339.23
2026/09/24 01:59:41.268, 36288, 46068, 100, 341.38
2026/09/24 01:59:42.269, 36288, 46068, 77, 326.16
2026/09/24 01:59:43.270, 36288, 46068, 88, 302.13
2026/09/24 01:59:44.271, 36288, 46068, 86, 310.18
2026/09/24 01:59:45.272, 36288, 46068, 84, 317.00
2026/09/24 01:59:46.274, 36288, 46068, 87, 317.95
2026/09/24 01:59:47.275, 36288, 46068, 87, 304.96
2026/09/24 01:59:48.277, 36288, 46068, 87, 304.35
2026/09/24 01:59:49.278, 36288, 46068, 87, 328.44
2026/09/24 01:59:50.279, 36288, 46068, 84, 323.40
2026/09/24 01:59:51.280, 36288, 46068, 87, 287.81
2026/09/24 01:59:52.281, 36288, 46068, 87, 337.38
2026/09/24 01:59:53.283, 36288, 46068, 87, 341.77
2026/09/24 01:59:54.284, 36288, 46068, 87, 344.10
2026/09/24 01:59:55.285, 36288, 46068, 87, 341.80
2026/09/24 01:59:56.287, 36288, 46068, 87, 335.26
2026/09/24 01:59:57.288, 36288, 46068, 88, 308.63
2026/09/24 01:59:58.290, 36288, 46068, 88, 290.09
2026/09/24 01:59:59.292, 36288, 46068, 88, 346.45
2026/09/24 02:00:00.294, 36288, 46068, 87, 303.09
2026/09/24 02:00:01.296, 36288, 46068, 87, 325.88
2026/09/24 02:00:02.297, 36288, 46068, 92, 308.56
2026/09/24 02:00:03.298, 36288, 46068, 86, 341.60
2026/09/24 02:00:04.300, 36288, 46068, 88, 317.80
2026/09/24 02:00:05.301, 36288, 46068, 88, 317.22
2026/09/24 02:00:06.303, 36288, 46068, 97, 322.09
2026/09/24 02:00:07.305, 36288, 46068, 56, 318.84
2026/09/24 02:00:08.305, 36288, 46068, 100, 331.05
2026/09/24 02:00:09.306, 36288, 46068, 100, 330.13
2026/09/24 02:00:10.307, 36288, 46068, 100, 345.85
2026/09/24 02:00:11.309, 36288, 46068, 100, 333.99
2026/09/24 02:00:12.310, 36288, 46068, 100, 340.48
2026/09/24 02:00:13.312, 36288, 46068, 100, 334.09
2026/09/24 02:00:14.313, 36288, 46068, 85, 337.12
2026/09/24 02:00:15.314, 36288, 46068, 88, 322.50
2026/09/24 02:00:16.315, 36288, 46068, 87, 318.89
2026/09/24 02:00:17.316, 36288, 46068, 88, 318.17
2026/09/24 02:00:18.317, 36288, 46068, 87, 316.64
2026/09/24 02:00:19.318, 36288, 46068, 86, 309.34
2026/09/24 02:00:20.320, 36288, 46068, 87, 313.10
2026/09/24 02:00:21.321, 36288, 46068, 87, 330.79
2026/09/24 02:00:22.323, 36288, 46068, 87, 300.45
2026/09/24 02:00:23.324, 36288, 46068, 87, 327.39
2026/09/24 02:00:24.325, 36288, 46068, 88, 345.96
2026/09/24 02:00:25.326, 36288, 46068, 86, 337.54
2026/09/24 02:00:26.327, 36288, 46068, 87, 261.50
2026/09/24 02:00:27.328, 36288, 46068, 88, 322.50
2026/09/24 02:00:28.329, 36288, 46068, 86, 349.26
2026/09/24 02:00:29.331, 36288, 46068, 85, 341.90
2026/09/24 02:00:30.332, 36288, 46068, 89, 282.75
2026/09/24 02:00:31.333, 36288, 46068, 85, 344.43
2026/09/24 02:00:32.335, 36288, 46068, 90, 298.32
2026/09/24 02:00:33.335, 36288, 46068, 86, 344.78
2026/09/24 02:00:34.337, 36288, 46068, 86, 310.07
2026/09/24 02:00:35.338, 36288, 46068, 89, 312.27
2026/09/24 02:00:36.339, 36288, 46068, 87, 336.27
2026/09/24 02:00:37.341, 36288, 46068, 85, 313.82
2026/09/24 02:00:38.343, 36288, 46068, 87, 317.41
2026/09/24 02:00:39.345, 36288, 46068, 86, 318.36
2026/09/24 02:00:40.346, 36288, 46068, 100, 327.67
2026/09/24 02:00:41.346, 36288, 46068, 100, 345.40
2026/09/24 02:00:42.347, 36288, 46068, 100, 353.35
2026/09/24 02:00:43.349, 36288, 46068, 100, 342.82
2026/09/24 02:00:44.351, 36288, 46068, 100, 337.51
2026/09/24 02:00:45.353, 36288, 46068, 100, 331.75
2026/09/24 02:00:46.354, 36288, 46068, 100, 340.02
2026/09/24 02:00:47.356, 36288, 46068, 87, 306.05
2026/09/24 02:00:48.358, 36288, 46068, 86, 320.57
2026/09/24 02:00:49.359, 36288, 46068, 85, 298.99
2026/09/24 02:00:50.360, 36288, 46068, 79, 327.98
2026/09/24 02:00:51.362, 36288, 46068, 86, 295.79
2026/09/24 02:00:52.363, 36288, 46068, 81, 308.55
2026/09/24 02:00:53.364, 36288, 46068, 86, 290.67
2026/09/24 02:00:54.366, 36288, 46068, 85, 344.07
2026/09/24 02:00:55.367, 36288, 46068, 86, 287.99
2026/09/24 02:00:56.368, 36288, 46068, 86, 316.94
2026/09/24 02:00:57.370, 36288, 46068, 86, 343.56
2026/09/24 02:00:58.372, 36288, 46068, 88, 346.86
2026/09/24 02:00:59.374, 36288, 46068, 88, 346.98
2026/09/24 02:01:00.375, 36288, 46068, 87, 347.07
2026/09/24 02:01:01.377, 36288, 46068, 87, 346.59
2026/09/24 02:01:02.378, 36288, 46068, 86, 337.30
2026/09/24 02:01:03.379, 36288, 46068, 90, 284.25
2026/09/24 02:01:04.381, 36288, 46068, 87, 346.03
2026/09/24 02:01:05.382, 36288, 46068, 88, 301.46
2026/09/24 02:01:06.384, 36288, 46068, 87, 328.72
2026/09/24 02:01:07.386, 36288, 46068, 89, 306.33
2026/09/24 02:01:08.387, 36288, 46068, 87, 340.70
2026/09/24 02:01:09.389, 36288, 46068, 88, 317.00
2026/09/24 02:01:10.390, 36288, 46068, 89, 317.48
2026/09/24 02:01:11.392, 36288, 46068, 90, 320.60
2026/09/24 02:01:12.393, 36288, 46068, 87, 323.52
2026/09/24 02:01:13.394, 36288, 46068, 100, 331.05
2026/09/24 02:01:14.395, 36288, 46068, 100, 330.97
2026/09/24 02:01:15.396, 36288, 46068, 100, 339.36
2026/09/24 02:01:16.398, 36288, 46068, 100, 342.88
2026/09/24 02:01:17.399, 36288, 46068, 100, 344.32
2026/09/24 02:01:18.400, 36288, 46068, 100, 350.78
2026/09/24 02:01:19.402, 36288, 46068, 100, 343.17
2026/09/24 02:01:20.411, 36288, 46068, 79, 303.71
2026/09/24 02:01:21.412, 36288, 46068, 88, 300.53
2026/09/24 02:01:22.414, 36288, 46068, 88, 310.38
2026/09/24 02:01:23.416, 36288, 46068, 86, 317.70
2026/09/24 02:01:24.420, 36288, 46068, 87, 324.48
2026/09/24 02:01:25.421, 36288, 46068, 87, 305.47
2026/09/24 02:01:26.423, 36288, 46068, 87, 313.03
2026/09/24 02:01:27.424, 36288, 46068, 87, 317.20
2026/09/24 02:01:28.426, 36288, 46068, 84, 345.18
2026/09/24 02:01:29.427, 36288, 46068, 87, 270.14
2026/09/24 02:01:30.428, 36288, 46068, 87, 326.31
2026/09/24 02:01:31.430, 36288, 46068, 87, 339.61
2026/09/24 02:01:32.431, 36288, 46068, 87, 341.57
2026/09/24 02:01:33.432, 36288, 46068, 85, 339.02
2026/09/24 02:01:34.433, 36288, 46068, 88, 311.28
2026/09/24 02:01:35.435, 36288, 46068, 90, 275.79
2026/09/24 02:01:36.436, 36288, 46068, 87, 347.03
2026/09/24 02:01:37.437, 36288, 46068, 88, 331.72
2026/09/24 02:01:38.439, 36288, 46068, 87, 302.90
2026/09/24 02:01:39.440, 36288, 46068, 87, 330.04
2026/09/24 02:01:40.441, 36288, 46068, 86, 314.58
2026/09/24 02:01:41.443, 36288, 46068, 86, 311.23
2026/09/24 02:01:42.444, 36288, 46068, 95, 318.80
2026/09/24 02:01:43.445, 36288, 46068, 88, 325.59
2026/09/24 02:01:44.447, 36288, 46068, 87, 322.17
2026/09/24 02:01:45.448, 36288, 46068, 100, 306.57
2026/09/24 02:01:46.449, 36288, 46068, 100, 339.32
2026/09/24 02:01:47.450, 36288, 46068, 100, 332.48
2026/09/24 02:01:48.453, 36288, 46068, 100, 330.42
2026/09/24 02:01:49.455, 36288, 46068, 100, 336.89
2026/09/24 02:01:50.456, 36288, 46068, 100, 340.41
2026/09/24 02:01:51.462, 36288, 46068, 100, 339.77
2026/09/24 02:01:52.463, 36288, 46068, 87, 333.67
2026/09/24 02:01:53.464, 36288, 46068, 78, 318.35
2026/09/24 02:01:54.467, 36288, 46068, 78, 309.40
2026/09/24 02:01:55.469, 36288, 46068, 86, 311.36
2026/09/24 02:01:56.470, 36288, 46068, 87, 311.33
2026/09/24 02:01:57.471, 36288, 46068, 87, 311.20
2026/09/24 02:01:58.473, 36288, 46068, 0, 235.52
2026/09/24 02:01:59.475, 36288, 46068, 0, 129.99
2026/09/24 02:02:00.477, 36288, 46068, 0, 104.99
2026/09/24 02:02:01.477, 36288, 46068, 0, 104.66
2026/09/24 02:02:02.479, 36288, 46068, 0, 105.87
2026/09/24 02:02:03.480, 36288, 46068, 0, 105.19
2026/09/24 02:02:04.482, 36288, 46068, 0, 102.80
2026/09/24 02:02:05.483, 36288, 46068, 0, 102.63
2026/09/24 02:02:06.485, 36288, 46068, 0, 102.06
2026/09/24 02:02:07.486, 36288, 46068, 0, 137.63
2026/09/24 02:02:08.488, 36288, 46068, 93, 241.24
2026/09/24 02:02:09.489, 36288, 46068, 93, 261.62
2026/09/24 02:02:10.490, 36288, 46068, 95, 261.63
2026/09/24 02:02:11.491, 36288, 46068, 93, 262.35
2026/09/24 02:02:12.493, 36288, 46068, 94, 263.32
2026/09/24 02:02:13.494, 36288, 46068, 94, 261.82
2026/09/24 02:02:14.495, 36288, 46068, 94, 263.33
2026/09/24 02:02:15.496, 36288, 46068, 100, 309.92
2026/09/24 02:02:16.497, 36288, 46068, 100, 341.18
2026/09/24 02:02:17.498, 36288, 46068, 100, 335.65
2026/09/24 02:02:18.499, 36288, 46068, 100, 342.18
2026/09/24 02:02:19.501, 36288, 46068, 100, 331.65
2026/09/24 02:02:20.502, 36288, 46068, 78, 291.64
2026/09/24 02:02:21.504, 36288, 46068, 89, 311.81
2026/09/24 02:02:22.505, 36288, 46068, 90, 317.08
2026/09/24 02:02:23.506, 36288, 46068, 89, 289.68
2026/09/24 02:02:24.507, 36288, 46068, 90, 308.05
2026/09/24 02:02:25.508, 36288, 46068, 89, 303.43
2026/09/24 02:02:26.509, 36288, 46068, 90, 304.93
2026/09/24 02:02:27.510, 36288, 46068, 79, 306.82
2026/09/24 02:02:28.512, 36288, 46068, 90, 297.34
2026/09/24 02:02:29.513, 36288, 46068, 79, 297.40
2026/09/24 02:02:30.514, 36288, 46068, 89, 309.25
2026/09/24 02:02:31.516, 36288, 46068, 89, 311.87
2026/09/24 02:02:32.518, 36288, 46068, 89, 317.56
2026/09/24 02:02:33.520, 36288, 46068, 90, 316.33
2026/09/24 02:02:34.522, 36288, 46068, 90, 308.45
2026/09/24 02:02:35.523, 36288, 46068, 88, 309.17
2026/09/24 02:02:36.525, 36288, 46068, 89, 314.78
2026/09/24 02:02:37.526, 36288, 46068, 90, 305.75
2026/09/24 02:02:38.527, 36288, 46068, 89, 311.88
2026/09/24 02:02:39.529, 36288, 46068, 79, 309.61
2026/09/24 02:02:40.531, 36288, 46068, 100, 316.89
2026/09/24 02:02:41.532, 36288, 46068, 100, 337.83
2026/09/24 02:02:42.533, 36288, 46068, 100, 327.62
2026/09/24 02:02:43.534, 36288, 46068, 100, 332.23
2026/09/24 02:02:44.536, 36288, 46068, 100, 336.17
2026/09/24 02:02:45.538, 36288, 46068, 100, 344.17
2026/09/24 02:02:46.539, 36288, 46068, 100, 337.49
2026/09/24 02:02:47.541, 36288, 46068, 85, 331.89
2026/09/24 02:02:48.542, 36288, 46068, 85, 316.78
2026/09/24 02:02:49.543, 36288, 46068, 87, 314.40
2026/09/24 02:02:50.544, 36288, 46068, 88, 309.16
2026/09/24 02:02:51.547, 36288, 46068, 87, 304.38
2026/09/24 02:02:52.548, 36288, 46068, 87, 303.81
2026/09/24 02:02:53.550, 36288, 46068, 86, 334.69
2026/09/24 02:02:54.552, 36288, 46068, 87, 291.98
2026/09/24 02:02:55.553, 36288, 46068, 87, 336.78
2026/09/24 02:02:56.555, 36288, 46068, 87, 262.53
2026/09/24 02:02:57.557, 36288, 46068, 88, 311.79
2026/09/24 02:02:58.558, 36288, 46068, 87, 330.39
2026/09/24 02:02:59.560, 36288, 46068, 88, 335.80
2026/09/24 02:03:00.562, 36288, 46068, 84, 335.09
2026/09/24 02:03:01.567, 36288, 46068, 86, 304.10
2026/09/24 02:03:02.568, 36288, 46068, 86, 275.63
2026/09/24 02:03:03.570, 36288, 46068, 85, 338.50
2026/09/24 02:03:04.571, 36288, 46068, 87, 283.80
2026/09/24 02:03:05.572, 36288, 46068, 88, 334.51
2026/09/24 02:03:06.573, 36288, 46068, 86, 297.32
2026/09/24 02:03:07.576, 36288, 46068, 86, 334.14
2026/09/24 02:03:08.577, 36288, 46068, 87, 306.67
2026/09/24 02:03:09.578, 36288, 46068, 88, 307.02
2026/09/24 02:03:10.579, 36288, 46068, 88, 329.88
2026/09/24 02:03:11.581, 36288, 46068, 88, 315.44
2026/09/24 02:03:12.582, 36288, 46068, 87, 314.86
2026/09/24 02:03:13.583, 36288, 46068, 100, 320.94
2026/09/24 02:03:14.585, 36288, 46068, 100, 339.21
2026/09/24 02:03:15.586, 36288, 46068, 100, 343.87
2026/09/24 02:03:16.588, 36288, 46068, 100, 348.79
2026/09/24 02:03:17.590, 36288, 46068, 100, 337.90
2026/09/24 02:03:18.592, 36288, 46068, 100, 345.39
2026/09/24 02:03:19.595, 36288, 46068, 100, 335.43
2026/09/24 02:03:20.597, 36288, 46068, 84, 339.66
2026/09/24 02:03:21.599, 36288, 46068, 87, 300.73
2026/09/24 02:03:22.600, 36288, 46068, 87, 310.49
2026/09/24 02:03:23.602, 36288, 46068, 87, 309.05
2026/09/24 02:03:24.603, 36288, 46068, 87, 311.47
2026/09/24 02:03:25.604, 36288, 46068, 87, 305.06
2026/09/24 02:03:26.605, 36288, 46068, 82, 324.43
2026/09/24 02:03:27.607, 36288, 46068, 87, 298.19
2026/09/24 02:03:28.608, 36288, 46068, 87, 339.89
2026/09/24 02:03:29.610, 36288, 46068, 87, 260.57
2026/09/24 02:03:30.611, 36288, 46068, 86, 293.06
2026/09/24 02:03:31.612, 36288, 46068, 86, 309.54
2026/09/24 02:03:32.614, 36288, 46068, 87, 300.35
2026/09/24 02:03:33.616, 36288, 46068, 87, 278.87
2026/09/24 02:03:34.617, 36288, 46068, 89, 242.46
2026/09/24 02:03:35.618, 36288, 46068, 83, 336.12
2026/09/24 02:03:36.620, 36288, 46068, 79, 295.65
2026/09/24 02:03:37.622, 36288, 46068, 83, 301.41
2026/09/24 02:03:38.625, 36288, 46068, 92, 302.99
2026/09/24 02:03:39.627, 36288, 46068, 93, 306.10
2026/09/24 02:03:40.629, 36288, 46068, 92, 307.96
2026/09/24 02:03:41.631, 36288, 46068, 94, 310.20
2026/09/24 02:03:42.633, 36288, 46068, 93, 310.01
2026/09/24 02:03:43.635, 36288, 46068, 86, 311.83
2026/09/24 02:03:44.637, 36288, 46068, 87, 312.00
2026/09/24 02:03:45.638, 36288, 46068, 78, 302.17
2026/09/24 02:03:46.639, 36288, 46068, 100, 330.23
2026/09/24 02:03:47.640, 36288, 46068, 100, 347.04
2026/09/24 02:03:48.642, 36288, 46068, 100, 344.75
2026/09/24 02:03:49.644, 36288, 46068, 100, 331.05
2026/09/24 02:03:50.646, 36288, 46068, 100, 335.32
2026/09/24 02:03:51.649, 36288, 46068, 100, 330.81
2026/09/24 02:03:52.651, 36288, 46068, 100, 331.67
2026/09/24 02:03:53.653, 36288, 46068, 83, 337.20
2026/09/24 02:03:54.654, 36288, 46068, 84, 294.77
2026/09/24 02:03:55.656, 36288, 46068, 87, 304.28
2026/09/24 02:03:56.657, 36288, 46068, 87, 306.85
2026/09/24 02:03:57.659, 36288, 46068, 87, 310.07
2026/09/24 02:03:58.660, 36288, 46068, 87, 327.52
2026/09/24 02:03:59.661, 36288, 46068, 86, 292.59
2026/09/24 02:04:00.663, 36288, 46068, 84, 335.34
2026/09/24 02:04:01.664, 36288, 46068, 84, 339.49
2026/09/24 02:04:02.666, 36288, 46068, 86, 233.31
2026/09/24 02:04:03.667, 36288, 46068, 86, 215.04
2026/09/24 02:04:04.669, 36288, 46068, 87, 274.35
2026/09/24 02:04:05.670, 36288, 46068, 87, 299.23
2026/09/24 02:04:06.672, 36288, 46068, 86, 285.77
2026/09/24 02:04:07.673, 36288, 46068, 85, 281.84
2026/09/24 02:04:08.675, 36288, 46068, 84, 332.73
2026/09/24 02:04:09.677, 36288, 46068, 85, 296.54
2026/09/24 02:04:10.680, 36288, 46068, 83, 302.61
2026/09/24 02:04:11.681, 36288, 46068, 83, 315.15
2026/09/24 02:04:12.683, 36288, 46068, 83, 307.17
2026/09/24 02:04:13.684, 36288, 46068, 84, 308.47
2026/09/24 02:04:14.686, 36288, 46068, 94, 305.44
2026/09/24 02:04:15.688, 36288, 46068, 88, 332.87
2026/09/24 02:04:16.689, 36288, 46068, 87, 313.41
2026/09/24 02:04:17.691, 36288, 46068, 85, 312.45
2026/09/24 02:04:18.692, 36288, 46068, 86, 313.68
2026/09/24 02:04:19.693, 36288, 46068, 100, 325.00
2026/09/24 02:04:20.694, 36288, 46068, 100, 327.55
2026/09/24 02:04:21.695, 36288, 46068, 100, 341.89
2026/09/24 02:04:22.696, 36288, 46068, 100, 335.62
2026/09/24 02:04:23.698, 36288, 46068, 100, 333.40
2026/09/24 02:04:24.699, 36288, 46068, 100, 333.37
2026/09/24 02:04:25.700, 36288, 46068, 100, 334.71
2026/09/24 02:04:26.702, 36288, 46068, 87, 318.33
2026/09/24 02:04:27.703, 36288, 46068, 88, 317.93
2026/09/24 02:04:28.704, 36288, 46068, 87, 316.44
2026/09/24 02:04:29.705, 36288, 46068, 87, 311.98
2026/09/24 02:04:30.706, 36288, 46068, 88, 310.50
2026/09/24 02:04:31.707, 36288, 46068, 87, 300.29
2026/09/24 02:04:32.710, 36288, 46068, 85, 319.88
2026/09/24 02:04:33.711, 36288, 46068, 86, 343.79
2026/09/24 02:04:34.712, 36288, 46068, 84, 284.32
2026/09/24 02:04:35.713, 36288, 46068, 86, 220.18
2026/09/24 02:04:36.714, 36288, 46068, 86, 250.81
2026/09/24 02:04:37.715, 36288, 46068, 85, 222.48
2026/09/24 02:04:38.716, 36288, 46068, 87, 242.37
2026/09/24 02:04:39.717, 36288, 46068, 88, 306.08
2026/09/24 02:04:40.720, 36288, 46068, 87, 346.55
2026/09/24 02:04:41.722, 36288, 46068, 86, 340.37
2026/09/24 02:04:42.723, 36288, 46068, 87, 293.11
2026/09/24 02:04:43.724, 36288, 46068, 87, 315.39
2026/09/24 02:04:44.726, 36288, 46068, 87, 323.94
2026/09/24 02:04:45.727, 36288, 46068, 88, 309.98
2026/09/24 02:04:46.729, 36288, 46068, 91, 305.30
2026/09/24 02:04:47.730, 36288, 46068, 88, 335.88
2026/09/24 02:04:48.732, 36288, 46068, 87, 316.07
2026/09/24 02:04:49.733, 36288, 46068, 86, 315.92
2026/09/24 02:04:50.734, 36288, 46068, 86, 319.29
2026/09/24 02:04:51.735, 36288, 46068, 100, 316.43
2026/09/24 02:04:52.736, 36288, 46068, 100, 329.97
2026/09/24 02:04:53.737, 36288, 46068, 100, 336.31
2026/09/24 02:04:54.738, 36288, 46068, 100, 351.98
2026/09/24 02:04:55.739, 36288, 46068, 100, 349.20
2026/09/24 02:04:56.741, 36288, 46068, 100, 339.74
2026/09/24 02:04:57.743, 36288, 46068, 100, 337.88
2026/09/24 02:04:58.745, 36288, 46068, 86, 301.70
2026/09/24 02:04:59.746, 36288, 46068, 87, 310.27
2026/09/24 02:05:00.748, 36288, 46068, 87, 313.69
2026/09/24 02:05:01.749, 36288, 46068, 87, 311.13
2026/09/24 02:05:02.752, 36288, 46068, 87, 312.91
2026/09/24 02:05:03.753, 36288, 46068, 87, 329.72
2026/09/24 02:05:04.756, 36288, 46068, 87, 289.04
2026/09/24 02:05:05.757, 36288, 46068, 85, 343.84
2026/09/24 02:05:06.759, 36288, 46068, 85, 256.99
2026/09/24 02:05:07.760, 36288, 46068, 87, 316.71
2026/09/24 02:05:08.761, 36288, 46068, 87, 341.89
2026/09/24 02:05:09.762, 36288, 46068, 87, 344.80
2026/09/24 02:05:10.764, 36288, 46068, 87, 345.78
2026/09/24 02:05:11.765, 36288, 46068, 87, 346.52
2026/09/24 02:05:12.767, 36288, 46068, 89, 346.50
2026/09/24 02:05:13.768, 36288, 46068, 87, 344.22
2026/09/24 02:05:14.770, 36288, 46068, 87, 337.78
2026/09/24 02:05:15.771, 36288, 46068, 91, 281.70
2026/09/24 02:05:16.772, 36288, 46068, 87, 343.18
2026/09/24 02:05:17.774, 36288, 46068, 87, 306.64
2026/09/24 02:05:18.775, 36288, 46068, 88, 327.69
2026/09/24 02:05:19.777, 36288, 46068, 88, 309.57
2026/09/24 02:05:20.778, 36288, 46068, 87, 322.72
2026/09/24 02:05:21.779, 36288, 46068, 88, 324.93
2026/09/24 02:05:22.780, 36288, 46068, 86, 317.57
2026/09/24 02:05:23.781, 36288, 46068, 86, 318.11
2026/09/24 02:05:24.782, 36288, 46068, 100, 300.93
2026/09/24 02:05:25.783, 36288, 46068, 100, 349.54
2026/09/24 02:05:26.784, 36288, 46068, 100, 341.40
2026/09/24 02:05:27.785, 36288, 46068, 100, 331.25
2026/09/24 02:05:28.787, 36288, 46068, 100, 348.87
2026/09/24 02:05:29.788, 36288, 46068, 100, 354.20
2026/09/24 02:05:30.790, 36288, 46068, 100, 344.69
2026/09/24 02:05:31.791, 36288, 46068, 87, 311.11
2026/09/24 02:05:32.792, 36288, 46068, 86, 308.31
2026/09/24 02:05:33.793, 36288, 46068, 81, 314.50
2026/09/24 02:05:34.794, 36288, 46068, 86, 313.67
2026/09/24 02:05:35.795, 36288, 46068, 84, 292.74
2026/09/24 02:05:36.797, 36288, 46068, 85, 339.67
2026/09/24 02:05:37.797, 36288, 46068, 83, 271.87
2026/09/24 02:05:38.799, 36288, 46068, 85, 282.63
2026/09/24 02:05:39.801, 36288, 46068, 84, 326.89
2026/09/24 02:05:40.802, 36288, 46068, 85, 334.29
2026/09/24 02:05:41.804, 36288, 46068, 84, 332.97
2026/09/24 02:05:42.805, 36288, 46068, 85, 317.69
2026/09/24 02:05:43.806, 36288, 46068, 87, 239.74
2026/09/24 02:05:44.807, 36288, 46068, 84, 335.81
2026/09/24 02:05:45.809, 36288, 46068, 85, 332.07
2026/09/24 02:05:46.810, 36288, 46068, 83, 277.32
2026/09/24 02:05:47.812, 36288, 46068, 84, 337.96
2026/09/24 02:05:48.813, 36288, 46068, 85, 294.89
2026/09/24 02:05:49.814, 36288, 46068, 85, 316.80
2026/09/24 02:05:50.816, 36288, 46068, 85, 316.32
2026/09/24 02:05:51.817, 36288, 46068, 85, 309.23
2026/09/24 02:05:52.818, 36288, 46068, 89, 310.84
2026/09/24 02:05:53.818, 36288, 46068, 85, 316.58
2026/09/24 02:05:54.819, 36288, 46068, 86, 320.50
2026/09/24 02:05:55.820, 36288, 46068, 85, 316.10
2026/09/24 02:05:56.822, 36288, 46068, 85, 313.89
2026/09/24 02:05:57.825, 36288, 46068, 100, 316.81
2026/09/24 02:05:58.826, 36288, 46068, 100, 320.59
2026/09/24 02:05:59.826, 36288, 46068, 100, 338.61
2026/09/24 02:06:00.828, 36288, 46068, 100, 348.06
2026/09/24 02:06:01.829, 36288, 46068, 100, 332.91
2026/09/24 02:06:02.830, 36288, 46068, 100, 331.55
2026/09/24 02:06:03.832, 36288, 46068, 100, 331.65
2026/09/24 02:06:04.834, 36288, 46068, 83, 340.95
2026/09/24 02:06:05.835, 36288, 46068, 83, 307.90
2026/09/24 02:06:06.837, 36288, 46068, 86, 314.75
2026/09/24 02:06:07.838, 36288, 46068, 86, 306.04
2026/09/24 02:06:08.839, 36288, 46068, 85, 307.25
2026/09/24 02:06:09.841, 36288, 46068, 84, 343.17
2026/09/24 02:06:10.842, 36288, 46068, 84, 268.23
2026/09/24 02:06:11.844, 36288, 46068, 84, 311.20
2026/09/24 02:06:12.845, 36288, 46068, 85, 337.32
2026/09/24 02:06:13.847, 36288, 46068, 86, 342.66
2026/09/24 02:06:14.848, 36288, 46068, 85, 343.02
2026/09/24 02:06:15.849, 36288, 46068, 86, 340.69
2026/09/24 02:06:16.851, 36288, 46068, 86, 338.98
2026/09/24 02:06:17.852, 36288, 46068, 86, 329.65
2026/09/24 02:06:18.854, 36288, 46068, 87, 256.13
2026/09/24 02:06:19.855, 36288, 46068, 86, 327.41
2026/09/24 02:06:20.856, 36288, 46068, 88, 341.63
2026/09/24 02:06:21.857, 36288, 46068, 88, 304.67
2026/09/24 02:06:22.859, 36288, 46068, 87, 308.50
2026/09/24 02:06:23.860, 36288, 46068, 88, 333.31
2026/09/24 02:06:24.861, 36288, 46068, 88, 310.86
2026/09/24 02:06:25.865, 36288, 46068, 94, 312.67
2026/09/24 02:06:26.866, 36288, 46068, 86, 323.02
2026/09/24 02:06:27.868, 36288, 46068, 86, 319.09
2026/09/24 02:06:28.870, 36288, 46068, 87, 311.90
2026/09/24 02:06:29.872, 36288, 46068, 85, 307.69
2026/09/24 02:06:30.873, 36288, 46068, 100, 318.62
2026/09/24 02:06:31.874, 36288, 46068, 100, 336.57
2026/09/24 02:06:32.874, 36288, 46068, 100, 337.82
2026/09/24 02:06:33.876, 36288, 46068, 100, 333.71
2026/09/24 02:06:34.878, 36288, 46068, 100, 335.43
2026/09/24 02:06:35.879, 36288, 46068, 100, 336.87
2026/09/24 02:06:36.881, 36288, 46068, 100, 353.65
2026/09/24 02:06:37.882, 36288, 46068, 76, 309.02
2026/09/24 02:06:38.883, 36288, 46068, 84, 312.14
2026/09/24 02:06:39.885, 36288, 46068, 85, 305.08
2026/09/24 02:06:40.885, 36288, 46068, 86, 313.46
2026/09/24 02:06:41.887, 36288, 46068, 86, 305.21
2026/09/24 02:06:42.888, 36288, 46068, 86, 337.30
2026/09/24 02:06:43.890, 36288, 46068, 86, 287.21
2026/09/24 02:06:44.891, 36288, 46068, 86, 338.30
2026/09/24 02:06:45.894, 36288, 46068, 84, 331.61
2026/09/24 02:06:46.896, 36288, 46068, 87, 231.76
2026/09/24 02:06:47.897, 36288, 46068, 87, 298.76
2026/09/24 02:06:48.899, 36288, 46068, 86, 314.75
2026/09/24 02:06:49.900, 36288, 46068, 86, 295.42
2026/09/24 02:06:50.902, 36288, 46068, 88, 237.32
2026/09/24 02:06:51.903, 36288, 46068, 83, 344.76
2026/09/24 02:06:52.904, 36288, 46068, 84, 291.03
2026/09/24 02:06:53.905, 36288, 46068, 85, 334.37
2026/09/24 02:06:54.906, 36288, 46068, 87, 298.68
2026/09/24 02:06:55.907, 36288, 46068, 85, 331.22
2026/09/24 02:06:56.909, 36288, 46068, 84, 312.96
2026/09/24 02:06:57.910, 36288, 46068, 84, 312.33
2026/09/24 02:06:58.912, 36288, 46068, 84, 313.79
2026/09/24 02:06:59.913, 36288, 46068, 85, 315.12
2026/09/24 02:07:00.914, 36288, 46068, 83, 316.60
2026/09/24 02:07:01.915, 36288, 46068, 83, 319.98
2026/09/24 02:07:02.917, 36288, 46068, 84, 319.63
2026/09/24 02:07:03.918, 36288, 46068, 100, 313.58
2026/09/24 02:07:04.918, 36288, 46068, 100, 348.46
2026/09/24 02:07:05.919, 36288, 46068, 100, 339.21
2026/09/24 02:07:06.921, 36288, 46068, 100, 332.53
2026/09/24 02:07:07.923, 36288, 46068, 100, 336.65
2026/09/24 02:07:08.923, 36288, 46068, 100, 325.36
2026/09/24 02:07:09.926, 36288, 46068, 100, 319.40
2026/09/24 02:07:10.926, 36288, 46068, 77, 298.29
2026/09/24 02:07:11.929, 36288, 46068, 84, 311.96
2026/09/24 02:07:12.929, 36288, 46068, 85, 285.75
2026/09/24 02:07:13.930, 36288, 46068, 81, 335.13
2026/09/24 02:07:14.931, 36288, 46068, 84, 286.94
2026/09/24 02:07:15.933, 36288, 46068, 83, 343.23
2026/09/24 02:07:16.934, 36288, 46068, 84, 253.19
2026/09/24 02:07:17.936, 36288, 46068, 84, 269.14
2026/09/24 02:07:18.937, 36288, 46068, 84, 315.38
2026/09/24 02:07:19.938, 36288, 46068, 83, 323.33
2026/09/24 02:07:20.939, 36288, 46068, 84, 308.73
2026/09/24 02:07:21.940, 36288, 46068, 85, 248.55
2026/09/24 02:07:22.942, 36288, 46068, 84, 285.82
2026/09/24 02:07:23.943, 36288, 46068, 83, 343.27
2026/09/24 02:07:24.944, 36288, 46068, 84, 286.86
2026/09/24 02:07:25.945, 36288, 46068, 84, 322.77
2026/09/24 02:07:26.947, 36288, 46068, 90, 294.15
2026/09/24 02:07:27.948, 36288, 46068, 83, 340.21
2026/09/24 02:07:28.949, 36288, 46068, 83, 304.98
2026/09/24 02:07:29.951, 36288, 46068, 86, 306.29
2026/09/24 02:07:30.953, 36288, 46068, 93, 311.83
2026/09/24 02:07:31.954, 36288, 46068, 90, 311.46
2026/09/24 02:07:32.955, 36288, 46068, 90, 314.48
2026/09/24 02:07:33.956, 36288, 46068, 92, 317.46
2026/09/24 02:07:34.958, 36288, 46068, 83, 320.70
2026/09/24 02:07:35.959, 36288, 46068, 83, 318.57
2026/09/24 02:07:36.960, 36288, 46068, 100, 303.61
2026/09/24 02:07:37.961, 36288, 46068, 100, 346.54
2026/09/24 02:07:38.962, 36288, 46068, 100, 339.41
2026/09/24 02:07:39.963, 36288, 46068, 100, 343.32
2026/09/24 02:07:40.964, 36288, 46068, 100, 332.08
2026/09/24 02:07:41.966, 36288, 46068, 100, 337.92
2026/09/24 02:07:42.968, 36288, 46068, 100, 327.23
2026/09/24 02:07:43.970, 36288, 46068, 83, 321.97
2026/09/24 02:07:44.971, 36288, 46068, 86, 306.23
2026/09/24 02:07:45.972, 36288, 46068, 79, 321.22
2026/09/24 02:07:46.973, 36288, 46068, 84, 296.65
2026/09/24 02:07:47.975, 36288, 46068, 85, 291.17
2026/09/24 02:07:48.976, 36288, 46068, 84, 320.96
2026/09/24 02:07:49.977, 36288, 46068, 85, 341.72
2026/09/24 02:07:50.978, 36288, 46068, 85, 249.42
2026/09/24 02:07:51.980, 36288, 46068, 84, 271.42
2026/09/24 02:07:52.982, 36288, 46068, 85, 317.87
2026/09/24 02:07:53.983, 36288, 46068, 86, 330.40
2026/09/24 02:07:54.984, 36288, 46068, 87, 331.53
2026/09/24 02:07:55.986, 36288, 46068, 88, 332.06
2026/09/24 02:07:56.987, 36288, 46068, 86, 332.93
2026/09/24 02:07:57.989, 36288, 46068, 88, 328.06
2026/09/24 02:07:58.990, 36288, 46068, 84, 294.32
2026/09/24 02:07:59.991, 36288, 46068, 84, 307.48
2026/09/24 02:08:00.992, 36288, 46068, 91, 296.55
2026/09/24 02:08:01.994, 36288, 46068, 85, 333.20
2026/09/24 02:08:02.995, 36288, 46068, 84, 303.39
2026/09/24 02:08:03.996, 36288, 46068, 86, 304.25
2026/09/24 02:08:04.997, 36288, 46068, 88, 308.25
2026/09/24 02:08:05.999, 36288, 46068, 85, 324.88
2026/09/24 02:08:07.000, 36288, 46068, 86, 313.88
2026/09/24 02:08:08.000, 36288, 46068, 86, 313.81
2026/09/24 02:08:09.001, 36288, 46068, 85, 313.96
2026/09/24 02:08:10.002, 36288, 46068, 100, 299.23
2026/09/24 02:08:11.003, 36288, 46068, 100, 331.13
2026/09/24 02:08:12.004, 36288, 46068, 100, 344.15
2026/09/24 02:08:13.006, 36288, 46068, 100, 337.25
2026/09/24 02:08:14.008, 36288, 46068, 100, 336.33
2026/09/24 02:08:15.010, 36288, 46068, 100, 334.38
2026/09/24 02:08:16.011, 36288, 46068, 100, 336.95
2026/09/24 02:08:17.012, 36288, 46068, 76, 321.56
2026/09/24 02:08:18.014, 36288, 46068, 83, 289.96
2026/09/24 02:08:19.015, 36288, 46068, 84, 297.45
2026/09/24 02:08:20.016, 36288, 46068, 79, 333.83
2026/09/24 02:08:21.017, 36288, 46068, 83, 281.90
2026/09/24 02:08:22.019, 36288, 46068, 85, 341.98
2026/09/24 02:08:23.020, 36288, 46068, 85, 258.13
2026/09/24 02:08:24.022, 36288, 46068, 84, 319.98
2026/09/24 02:08:25.024, 36288, 46068, 85, 337.25
2026/09/24 02:08:26.025, 36288, 46068, 84, 341.06
2026/09/24 02:08:27.026, 36288, 46068, 84, 341.69
2026/09/24 02:08:28.027, 36288, 46068, 84, 339.50
2026/09/24 02:08:29.029, 36288, 46068, 85, 330.81
2026/09/24 02:08:30.030, 36288, 46068, 86, 292.29
2026/09/24 02:08:31.032, 36288, 46068, 85, 274.15
2026/09/24 02:08:32.033, 36288, 46068, 85, 343.38
2026/09/24 02:08:33.034, 36288, 46068, 88, 283.25
2026/09/24 02:08:34.035, 36288, 46068, 83, 329.95
2026/09/24 02:08:35.037, 36288, 46068, 82, 306.03
2026/09/24 02:08:36.039, 36288, 46068, 84, 306.26
2026/09/24 02:08:37.040, 36288, 46068, 93, 312.08
2026/09/24 02:08:38.041, 36288, 46068, 89, 311.54
2026/09/24 02:08:39.043, 36288, 46068, 87, 306.41
2026/09/24 02:08:40.045, 36288, 46068, 86, 307.86
2026/09/24 02:08:41.046, 36288, 46068, 96, 308.64
2026/09/24 02:08:42.047, 36288, 46068, 84, 320.07
2026/09/24 02:08:43.049, 36288, 46068, 83, 320.53
2026/09/24 02:08:44.050, 36288, 46068, 100, 319.96
2026/09/24 02:08:45.051, 36288, 46068, 100, 343.85
2026/09/24 02:08:46.052, 36288, 46068, 100, 332.33
2026/09/24 02:08:47.053, 36288, 46068, 100, 334.81
2026/09/24 02:08:48.055, 36288, 46068, 100, 341.29
2026/09/24 02:08:49.057, 36288, 46068, 100, 329.20
2026/09/24 02:08:50.059, 36288, 46068, 100, 333.50
2026/09/24 02:08:51.060, 36288, 46068, 84, 324.92
2026/09/24 02:08:52.061, 36288, 46068, 83, 291.01
2026/09/24 02:08:53.063, 36288, 46068, 0, 233.83
2026/09/24 02:08:54.064, 36288, 46068, 0, 128.49
2026/09/24 02:08:55.066, 36288, 46068, 0, 104.17
2026/09/24 02:08:56.068, 36288, 46068, 0, 103.60
2026/09/24 02:08:57.069, 36288, 46068, 0, 102.99
2026/09/24 02:08:58.071, 36288, 46068, 0, 102.48
2026/09/24 02:08:59.072, 36288, 46068, 0, 102.14
2026/09/24 02:09:00.073, 36288, 46068, 0, 101.57
